<?xml version="1.0" encoding="UTF-8" standalone="yes"?><worksheet xmlns="http://schemas.openxmlformats.org/spreadsheetml/2006/main" xmlns:r="http://schemas.openxmlformats.org/officeDocument/2006/relationships" xmlns:mc="http://schemas.openxmlformats.org/markup-compatibility/2006" mc:Ignorable="x14ac xr xr2 xr3" xmlns:x14ac="http://schemas.microsoft.com/office/spreadsheetml/2009/9/ac" xmlns:xr="http://schemas.microsoft.com/office/spreadsheetml/2014/revision" xmlns:xr2="http://schemas.microsoft.com/office/spreadsheetml/2015/revision2" xmlns:xr3="http://schemas.microsoft.com/office/spreadsheetml/2016/revision3" xr:uid="{00000000-0001-0000-0000-000000000000}"><dimension ref="A1:B1"/><sheetViews><sheetView tabSelected="1" workbookViewId="0"><selection activeCell="B2" sqref="B2"/></sheetView></sheetViews><sheetFormatPr defaultRowHeight="14.5" x14ac:dyDescent="0.35"/><sheetData><row r="1" spans="1:2" x14ac:dyDescent="0.35"><c r="A1"><v>1</v></c><c r="B1"><f>A1*2</f><v>2</v></c></row></sheetData><pageMargins left="0.7" right="0.7" top="0.75" bottom="0.75" header="0.3" footer="0.3"/></worksheet>