PRAGMA foreign_keys=OFF;
BEGIN TRANSACTION;
CREATE TABLE `xc_knex_migrations` (`id` integer not null primary key autoincrement, `name` varchar(255), `batch` integer, `migration_time` datetime);
INSERT INTO xc_knex_migrations VALUES(1,'project',1,1740421871028);
INSERT INTO xc_knex_migrations VALUES(2,'m2m',1,1740421871031);
INSERT INTO xc_knex_migrations VALUES(3,'fkn',1,1740421871032);
INSERT INTO xc_knex_migrations VALUES(4,'viewType',1,1740421871033);
INSERT INTO xc_knex_migrations VALUES(5,'viewName',1,1740421871034);
INSERT INTO xc_knex_migrations VALUES(6,'nc_006_alter_nc_shared_views',1,1740421871046);
INSERT INTO xc_knex_migrations VALUES(7,'nc_007_alter_nc_shared_views_1',1,1740421871047);
INSERT INTO xc_knex_migrations VALUES(8,'nc_008_add_nc_shared_bases',1,1740421871048);
INSERT INTO xc_knex_migrations VALUES(9,'nc_009_add_model_order',1,1740421871051);
INSERT INTO xc_knex_migrations VALUES(10,'nc_010_add_parent_title_column',1,1740421871052);
INSERT INTO xc_knex_migrations VALUES(11,'nc_011_remove_old_ses_plugin',1,1740421871053);
INSERT INTO xc_knex_migrations VALUES(12,'nc_012_cloud_cleanup',1,1740421871061);
CREATE TABLE `xc_knex_migrations_lock` (`index` integer not null primary key autoincrement, `is_locked` integer);
INSERT INTO xc_knex_migrations_lock VALUES(1,0);
CREATE TABLE `nc_store` (`id` integer not null primary key autoincrement, "base_id" varchar(255), `db_alias` varchar(255) default 'db', `key` varchar(255), `value` text, `type` varchar(255), `env` varchar(255), `tag` varchar(255), `created_at` datetime, `updated_at` datetime);
INSERT INTO nc_store VALUES(1,NULL,'','NC_DEBUG','{"nc:app":false,"nc:api:rest":false,"nc:api:source":false,"nc:api:gql":false,"nc:api:grpc":false,"nc:migrator":false,"nc:datamapper":false}',NULL,NULL,NULL,NULL,NULL);
INSERT INTO nc_store VALUES(2,NULL,'','NC_PROJECT_COUNT','0',NULL,NULL,NULL,NULL,NULL);
INSERT INTO nc_store VALUES(3,NULL,'db','NC_MIGRATION_JOBS','{"version":"7","stall_check":1740421870851,"locked":false}',NULL,NULL,NULL,'2025-02-24 18:31:12+00:00','2025-02-24 18:31:12+00:00');
INSERT INTO nc_store VALUES(4,NULL,'db','nc_auth_jwt_secret','43eee35e-a53e-4f72-870f-2b306c5d5881',NULL,NULL,NULL,'2025-02-24 18:31:12+00:00','2025-02-24 18:31:12+00:00');
INSERT INTO nc_store VALUES(5,NULL,'db','nc_server_id','d27a8a98088463343792ecd647e2746780eb6109d0a5d8654987ae403b05f890',NULL,NULL,NULL,'2025-02-24 18:31:12+00:00','2025-02-24 18:31:12+00:00');
INSERT INTO nc_store VALUES(6,NULL,'db','NC_CONFIG_MAIN','{"version":"0258003"}',NULL,NULL,NULL,'2025-02-24 18:31:12+00:00','2025-02-24 18:31:12+00:00');
CREATE TABLE `nc_shared_bases` (`id` integer not null primary key autoincrement, `project_id` varchar(255), `db_alias` varchar(255), `roles` varchar(255) default 'viewer', `shared_base_id` varchar(255), `enabled` boolean default '1', `password` varchar(255), `created_at` datetime not null default CURRENT_TIMESTAMP, `updated_at` datetime not null default CURRENT_TIMESTAMP);
CREATE TABLE `xc_knex_migrationsv2` (`id` integer not null primary key autoincrement, `name` varchar(255), `batch` integer, `migration_time` datetime);
INSERT INTO xc_knex_migrationsv2 VALUES(1,'nc_011',1,1740421871111);
INSERT INTO xc_knex_migrationsv2 VALUES(2,'nc_012_alter_column_data_types',1,1740421871111);
INSERT INTO xc_knex_migrationsv2 VALUES(3,'nc_013_sync_source',1,1740421871113);
INSERT INTO xc_knex_migrationsv2 VALUES(4,'nc_014_alter_column_data_types',1,1740421871114);
INSERT INTO xc_knex_migrationsv2 VALUES(5,'nc_015_add_meta_col_in_column_table',1,1740421871115);
INSERT INTO xc_knex_migrationsv2 VALUES(6,'nc_016_alter_hooklog_payload_types',1,1740421871115);
INSERT INTO xc_knex_migrationsv2 VALUES(7,'nc_017_add_user_token_version_column',1,1740421871117);
INSERT INTO xc_knex_migrationsv2 VALUES(8,'nc_018_add_meta_in_view',1,1740421871118);
INSERT INTO xc_knex_migrationsv2 VALUES(9,'nc_019_add_meta_in_meta_tables',1,1740421871123);
INSERT INTO xc_knex_migrationsv2 VALUES(10,'nc_020_kanban_view',1,1740421871145);
INSERT INTO xc_knex_migrationsv2 VALUES(11,'nc_021_add_fields_in_token',1,1740421871161);
INSERT INTO xc_knex_migrationsv2 VALUES(12,'nc_022_qr_code_column_type',1,1740421871162);
INSERT INTO xc_knex_migrationsv2 VALUES(13,'nc_023_multiple_source',1,1740421871181);
INSERT INTO xc_knex_migrationsv2 VALUES(14,'nc_024_barcode_column_type',1,1740421871182);
INSERT INTO xc_knex_migrationsv2 VALUES(15,'nc_025_add_row_height',1,1740421871184);
INSERT INTO xc_knex_migrationsv2 VALUES(16,'nc_026_map_view',1,1740421871186);
INSERT INTO xc_knex_migrationsv2 VALUES(17,'nc_027_add_comparison_sub_op',1,1740421871188);
INSERT INTO xc_knex_migrationsv2 VALUES(18,'nc_028_add_enable_scanner_in_form_columns_meta_table',1,1740421871189);
INSERT INTO xc_knex_migrationsv2 VALUES(19,'nc_029_webhook',1,1740421871190);
INSERT INTO xc_knex_migrationsv2 VALUES(20,'nc_030_add_description_field',1,1740421871195);
INSERT INTO xc_knex_migrationsv2 VALUES(21,'nc_031_remove_fk_and_add_idx',1,1740421871688);
INSERT INTO xc_knex_migrationsv2 VALUES(22,'nc_033_add_group_by',1,1740421871693);
INSERT INTO xc_knex_migrationsv2 VALUES(23,'nc_034_erd_filter_and_notification',1,1740421871706);
INSERT INTO xc_knex_migrationsv2 VALUES(24,'nc_035_add_username_to_users',1,1740421871730);
INSERT INTO xc_knex_migrationsv2 VALUES(25,'nc_036_base_deleted',1,1740421871732);
INSERT INTO xc_knex_migrationsv2 VALUES(26,'nc_037_rename_project_and_base',1,1740421871975);
INSERT INTO xc_knex_migrationsv2 VALUES(27,'nc_038_formula_parsed_tree_column',1,1740421871977);
INSERT INTO xc_knex_migrationsv2 VALUES(28,'nc_039_sqlite_alter_column_types',1,1740421872091);
INSERT INTO xc_knex_migrationsv2 VALUES(29,'nc_040_form_view_alter_column_types',1,1740421872115);
INSERT INTO xc_knex_migrationsv2 VALUES(30,'nc_041_calendar_view',1,1740421872118);
INSERT INTO xc_knex_migrationsv2 VALUES(31,'nc_042_user_block',1,1740421872122);
INSERT INTO xc_knex_migrationsv2 VALUES(32,'nc_043_user_refresh_token',1,1740421872132);
INSERT INTO xc_knex_migrationsv2 VALUES(33,'nc_044_view_column_index',1,1740421872136);
INSERT INTO xc_knex_migrationsv2 VALUES(34,'nc_045_extensions',1,1740421872137);
INSERT INTO xc_knex_migrationsv2 VALUES(35,'nc_046_comment_mentions',1,1740421872140);
INSERT INTO xc_knex_migrationsv2 VALUES(36,'nc_047_comment_migration',1,1740421872150);
INSERT INTO xc_knex_migrationsv2 VALUES(37,'nc_048_view_links',1,1740421872157);
INSERT INTO xc_knex_migrationsv2 VALUES(38,'nc_049_clear_notifications',1,1740421872157);
INSERT INTO xc_knex_migrationsv2 VALUES(39,'nc_050_tenant_isolation',1,1740421872221);
INSERT INTO xc_knex_migrationsv2 VALUES(40,'nc_051_source_readonly_columns',1,1740421872225);
INSERT INTO xc_knex_migrationsv2 VALUES(41,'nc_052_field_aggregation',1,1740421872228);
INSERT INTO xc_knex_migrationsv2 VALUES(42,'nc_053_jobs',1,1740421872229);
INSERT INTO xc_knex_migrationsv2 VALUES(43,'nc_054_id_length',1,1740421872498);
INSERT INTO xc_knex_migrationsv2 VALUES(44,'nc_055_junction_pk',1,1740421872506);
INSERT INTO xc_knex_migrationsv2 VALUES(45,'nc_056_integration',1,1740421872512);
INSERT INTO xc_knex_migrationsv2 VALUES(46,'nc_057_file_references',1,1740421872514);
INSERT INTO xc_knex_migrationsv2 VALUES(47,'nc_058_button_colum',1,1740421872515);
INSERT INTO xc_knex_migrationsv2 VALUES(48,'nc_059_invited_by',1,1740421872517);
INSERT INTO xc_knex_migrationsv2 VALUES(49,'nc_060_descriptions',1,1740421872544);
INSERT INTO xc_knex_migrationsv2 VALUES(50,'nc_061_integration_is_default',1,1740421872546);
INSERT INTO xc_knex_migrationsv2 VALUES(51,'nc_062_integration_store',1,1740421872548);
INSERT INTO xc_knex_migrationsv2 VALUES(52,'nc_063_form_field_filter',1,1740421872550);
INSERT INTO xc_knex_migrationsv2 VALUES(53,'nc_064_pg_minimal_dbs',1,1740421872552);
INSERT INTO xc_knex_migrationsv2 VALUES(54,'nc_065_encrypt_flag',1,1740421872556);
INSERT INTO xc_knex_migrationsv2 VALUES(55,'nc_066_ai_button',1,1740421872562);
INSERT INTO xc_knex_migrationsv2 VALUES(56,'nc_067_personal_view',1,1740421872566);
INSERT INTO xc_knex_migrationsv2 VALUES(57,'nc_068_user_delete',1,1740421872570);
INSERT INTO xc_knex_migrationsv2 VALUES(58,'nc_069_ai_prompt',1,1740421872572);
INSERT INTO xc_knex_migrationsv2 VALUES(59,'nc_070_data_reflection',1,1740421872573);
INSERT INTO xc_knex_migrationsv2 VALUES(60,'nc_071_add_meta_in_users',1,1740421872575);
INSERT INTO xc_knex_migrationsv2 VALUES(61,'nc_072_col_button_pk',1,1740421872582);
INSERT INTO xc_knex_migrationsv2 VALUES(62,'nc_073_file_reference_indexes',1,1740421872584);
INSERT INTO xc_knex_migrationsv2 VALUES(63,'nc_074_missing_context_indexes',1,1740421872589);
INSERT INTO xc_knex_migrationsv2 VALUES(64,'nc_075_audit_refactor',1,1740421872598);
CREATE TABLE `xc_knex_migrationsv2_lock` (`index` integer not null primary key autoincrement, `is_locked` integer);
INSERT INTO xc_knex_migrationsv2_lock VALUES(1,0);
CREATE TABLE IF NOT EXISTS "nc_bases_v2" (`id` varchar(128), `title` varchar(255), `prefix` varchar(255), `status` varchar(255), `description` text, `meta` text, `color` varchar(255), `uuid` varchar(255), `password` varchar(255), `roles` varchar(255), `deleted` boolean default '0', `is_meta` boolean, `order` float, `created_at` datetime not null default CURRENT_TIMESTAMP, `updated_at` datetime not null default CURRENT_TIMESTAMP, primary key (`id`));
INSERT INTO nc_bases_v2 VALUES('p1d4tfs15g8e4en','Getting Started','nc_tz6c__',NULL,NULL,'{"iconColor":"#36BFFF"}',NULL,NULL,NULL,NULL,0,1,1.0,'2025-02-24 18:32:28+00:00','2025-02-24 18:32:28+00:00');
INSERT INTO nc_bases_v2 VALUES('p0y5haqnubnnf7q','CRM','nc_tgy7__',NULL,NULL,'{"iconColor":"#FF4A3F"}',NULL,NULL,NULL,NULL,0,1,2.0,'2025-02-24 18:32:59+00:00','2025-02-24 18:32:59+00:00');
CREATE TABLE `nc_orgs_v2` (`id` varchar(20) not null, `title` varchar(255), `created_at` datetime not null default CURRENT_TIMESTAMP, `updated_at` datetime not null default CURRENT_TIMESTAMP, primary key (`id`));
CREATE TABLE `nc_teams_v2` (`id` varchar(20) not null, `title` varchar(255), `org_id` varchar(20), `created_at` datetime not null default CURRENT_TIMESTAMP, `updated_at` datetime not null default CURRENT_TIMESTAMP, foreign key(`org_id`) references `nc_orgs_v2`(`id`), primary key (`id`));
CREATE TABLE `nc_team_users_v2` (`org_id` varchar(20), `user_id` varchar(20), `created_at` datetime not null default CURRENT_TIMESTAMP, `updated_at` datetime not null default CURRENT_TIMESTAMP, foreign key(`org_id`) references `nc_orgs_v2`(`id`), foreign key(`user_id`) references `nc_users_v2`(`id`));
CREATE TABLE `nc_plugins_v2` (`id` varchar(20) not null, `title` varchar(45), `description` text, `active` boolean default '0', `rating` float, `version` varchar(255), `docs` varchar(255), `status` varchar(255) default 'install', `status_details` varchar(255), `logo` varchar(255), `icon` varchar(255), `tags` varchar(255), `category` varchar(255), `input_schema` text, `input` text, `creator` varchar(255), `creator_website` varchar(255), `price` varchar(255), `created_at` datetime not null default CURRENT_TIMESTAMP, `updated_at` datetime not null default CURRENT_TIMESTAMP, primary key (`id`));
INSERT INTO nc_plugins_v2 VALUES('slack','Slack','Slack brings team communication and collaboration into one place so you can get more work done, whether you belong to a large enterprise or a small business. ',0,NULL,'0.0.1',NULL,'install',NULL,'plugins/slack.webp',NULL,'Chat','Chat','{"title":"Configure Slack","array":true,"items":[{"key":"channel","label":"Channel Name","placeholder":"Channel Name","type":"SingleLineText","required":true},{"key":"webhook_url","label":"Webhook URL","placeholder":"Webhook URL","type":"Password","required":true}],"actions":[{"label":"Test","placeholder":"Test","key":"test","actionType":"TEST","type":"Button"},{"label":"Save","placeholder":"Save","key":"save","actionType":"SUBMIT","type":"Button"}],"msgOnInstall":"Successfully installed and Slack is enabled for notification.","msgOnUninstall":""}',NULL,NULL,NULL,NULL,'2025-02-24 18:31:12+00:00','2025-02-24 18:31:12+00:00');
INSERT INTO nc_plugins_v2 VALUES('ms-teams','Microsoft Teams','Microsoft Teams is for everyone · Instantly go from group chat to video call with the touch of a button.',0,NULL,'0.0.1',NULL,'install',NULL,'plugins/teams.ico',NULL,'Chat','Chat','{"title":"Configure Microsoft Teams","array":true,"items":[{"key":"channel","label":"Channel Name","placeholder":"Channel Name","type":"SingleLineText","required":true},{"key":"webhook_url","label":"Webhook URL","placeholder":"Webhook URL","type":"Password","required":true}],"actions":[{"label":"Test","placeholder":"Test","key":"test","actionType":"TEST","type":"Button"},{"label":"Save","placeholder":"Save","key":"save","actionType":"SUBMIT","type":"Button"}],"msgOnInstall":"Successfully installed and Microsoft Teams is enabled for notification.","msgOnUninstall":""}',NULL,NULL,NULL,NULL,'2025-02-24 18:31:12+00:00','2025-02-24 18:31:12+00:00');
INSERT INTO nc_plugins_v2 VALUES('discord','Discord','Discord is the easiest way to talk over voice, video, and text. Talk, chat, hang out, and stay close with your friends and communities.',0,NULL,'0.0.1',NULL,'install',NULL,'plugins/discord.png',NULL,'Chat','Chat','{"title":"Configure Discord","array":true,"items":[{"key":"channel","label":"Channel Name","placeholder":"Channel Name","type":"SingleLineText","required":true},{"key":"webhook_url","label":"Webhook URL","type":"Password","placeholder":"Webhook URL","required":true}],"actions":[{"label":"Test","placeholder":"Test","key":"test","actionType":"TEST","type":"Button"},{"label":"Save","placeholder":"Save","key":"save","actionType":"SUBMIT","type":"Button"}],"msgOnInstall":"Successfully installed and Discord is enabled for notification.","msgOnUninstall":""}',NULL,NULL,NULL,NULL,'2025-02-24 18:31:12+00:00','2025-02-24 18:31:12+00:00');
INSERT INTO nc_plugins_v2 VALUES('twilio-whatsapp','Whatsapp Twilio','With Twilio, unite communications and strengthen customer relationships across your business – from marketing and sales to customer service and operations.',0,NULL,'0.0.1',NULL,'install',NULL,'plugins/whatsapp.png',NULL,'Chat','Twilio','{"title":"Configure Twilio","items":[{"key":"sid","label":"Account SID","placeholder":"Account SID","type":"SingleLineText","required":true},{"key":"token","label":"Auth Token","placeholder":"Auth Token","type":"Password","required":true},{"key":"from","label":"From Phone Number","placeholder":"From Phone Number","type":"SingleLineText","required":true}],"actions":[{"label":"Test","placeholder":"Test","key":"test","actionType":"TEST","type":"Button"},{"label":"Save","placeholder":"Save","key":"save","actionType":"SUBMIT","type":"Button"}],"msgOnInstall":"Successfully installed and Whatsapp Twilio is enabled for notification.","msgOnUninstall":""}',NULL,NULL,NULL,NULL,'2025-02-24 18:31:12+00:00','2025-02-24 18:31:12+00:00');
INSERT INTO nc_plugins_v2 VALUES('twilio','Twilio','With Twilio, unite communications and strengthen customer relationships across your business – from marketing and sales to customer service and operations.',0,NULL,'0.0.1',NULL,'install',NULL,'plugins/twilio.png',NULL,'Chat','Twilio','{"title":"Configure Twilio","items":[{"key":"sid","label":"Account SID","placeholder":"Account SID","type":"SingleLineText","required":true},{"key":"token","label":"Auth Token","placeholder":"Auth Token","type":"Password","required":true},{"key":"from","label":"From Phone Number","placeholder":"From Phone Number","type":"SingleLineText","required":true}],"actions":[{"label":"Test","placeholder":"Test","key":"test","actionType":"TEST","type":"Button"},{"label":"Save","placeholder":"Save","key":"save","actionType":"SUBMIT","type":"Button"}],"msgOnInstall":"Successfully installed and Twilio is enabled for notification.","msgOnUninstall":""}',NULL,NULL,NULL,NULL,'2025-02-24 18:31:12+00:00','2025-02-24 18:31:12+00:00');
INSERT INTO nc_plugins_v2 VALUES('aws-s3','S3','Amazon Simple Storage Service (Amazon S3) is an object storage service that offers industry-leading scalability, data availability, security, and performance.',0,NULL,'0.0.6',NULL,'install',NULL,'plugins/s3.png',NULL,'Storage','Storage','{"title":"Configure Amazon S3","items":[{"key":"bucket","label":"Bucket Name","placeholder":"Bucket Name","type":"SingleLineText","required":true},{"key":"region","label":"Region","placeholder":"Region","type":"SingleLineText","required":true},{"key":"endpoint","label":"Endpoint","placeholder":"Endpoint","type":"SingleLineText","required":false},{"key":"access_key","label":"Access Key","placeholder":"Access Key","type":"SingleLineText","required":false},{"key":"access_secret","label":"Access Secret","placeholder":"Access Secret","type":"Password","required":false},{"key":"acl","label":"Access Control Lists (ACL)","placeholder":"","type":"SingleLineText","required":false},{"key":"force_path_style","label":"Force Path Style","placeholder":"Default set to false","type":"Checkbox","required":false}],"actions":[{"label":"Test","placeholder":"Test","key":"test","actionType":"TEST","type":"Button"},{"label":"Save","placeholder":"Save","key":"save","actionType":"SUBMIT","type":"Button"}],"msgOnInstall":"Successfully configured! Attachments will now be stored in AWS S3.","msgOnUninstall":""}',NULL,NULL,NULL,NULL,'2025-02-24 18:31:12+00:00','2025-02-24 18:31:12+00:00');
INSERT INTO nc_plugins_v2 VALUES('minio','Minio','MinIO is a High Performance Object Storage released under Apache License v2.0. It is API compatible with Amazon S3 cloud storage service.',0,NULL,'0.0.5',NULL,'install',NULL,'plugins/minio.png',NULL,'Storage','Storage','{"title":"Configure Minio","items":[{"key":"endPoint","label":"Minio Endpoint","placeholder":"Minio Endpoint","type":"SingleLineText","required":true,"help_text":"Hostnames can’t include underscores (_) due to DNS standard limitations. Update the hostname if you see an Invalid endpoint error."},{"key":"port","label":"Port","placeholder":"Port","type":"Number","required":true},{"key":"bucket","label":"Bucket Name","placeholder":"Bucket Name","type":"SingleLineText","required":true},{"key":"access_key","label":"Access Key","placeholder":"Access Key","type":"SingleLineText","required":true},{"key":"access_secret","label":"Access Secret","placeholder":"Access Secret","type":"Password","required":true},{"key":"ca","label":"Ca","placeholder":"Ca","type":"LongText"},{"key":"useSSL","label":"Use SSL","placeholder":"Use SSL","type":"Checkbox","required":false}],"actions":[{"label":"Test","placeholder":"Test","key":"test","actionType":"TEST","type":"Button"},{"label":"Save","placeholder":"Save","key":"save","actionType":"SUBMIT","type":"Button"}],"msgOnInstall":"Successfully configured! Attachments will now be stored in Minio.","msgOnUninstall":""}',NULL,NULL,NULL,NULL,'2025-02-24 18:31:12+00:00','2025-02-24 18:31:12+00:00');
INSERT INTO nc_plugins_v2 VALUES('gcs','GCS','Google Cloud Storage is a RESTful online file storage web service for storing and accessing data on Google Cloud Platform infrastructure.',0,NULL,'0.0.4',NULL,'install',NULL,'plugins/gcs.png',NULL,'Storage','Storage','{"title":"Configure Google Cloud Storage","items":[{"key":"bucket","label":"Bucket Name","placeholder":"Bucket Name","type":"SingleLineText","required":true},{"key":"client_email","label":"Client Email","placeholder":"Client Email","type":"SingleLineText","required":true},{"key":"private_key","label":"Private Key","placeholder":"Private Key","type":"Password","required":true},{"key":"project_id","label":"Project ID","placeholder":"Project ID","type":"SingleLineText","required":false},{"key":"uniform_bucket_level_access","label":"Uniform Bucket Level Access","type":"Checkbox","required":false}],"actions":[{"label":"Test","placeholder":"Test","key":"test","actionType":"TEST","type":"Button"},{"label":"Save","placeholder":"Save","key":"save","actionType":"SUBMIT","type":"Button"}],"msgOnInstall":"Successfully configured! Attachments will now be stored in Google Cloud Storage.","msgOnUninstall":""}',NULL,NULL,NULL,NULL,'2025-02-24 18:31:12+00:00','2025-02-24 18:31:12+00:00');
INSERT INTO nc_plugins_v2 VALUES('mattermost','Mattermost','Mattermost brings all your team communication into one place, making it searchable and accessible anywhere.',0,NULL,'0.0.1',NULL,'install',NULL,'plugins/mattermost.png',NULL,'Chat','Chat','{"title":"Configure Mattermost","array":true,"items":[{"key":"channel","label":"Channel Name","placeholder":"Channel Name","type":"SingleLineText","required":true},{"key":"webhook_url","label":"Webhook URL","placeholder":"Webhook URL","type":"Password","required":true}],"actions":[{"label":"Test","placeholder":"Test","key":"test","actionType":"TEST","type":"Button"},{"label":"Save","placeholder":"Save","key":"save","actionType":"SUBMIT","type":"Button"}],"msgOnInstall":"Successfully installed and Mattermost is enabled for notification.","msgOnUninstall":""}',NULL,NULL,NULL,NULL,'2025-02-24 18:31:12+00:00','2025-02-24 18:31:12+00:00');
INSERT INTO nc_plugins_v2 VALUES('spaces','Spaces','Store & deliver vast amounts of content with a simple architecture.',0,NULL,'0.0.2',NULL,'install',NULL,'plugins/spaces.png',NULL,'Storage','Storage','{"title":"DigitalOcean Spaces","items":[{"key":"bucket","label":"Bucket Name","placeholder":"Bucket Name","type":"SingleLineText","required":true},{"key":"region","label":"Region","placeholder":"Region","type":"SingleLineText","required":true},{"key":"access_key","label":"Access Key","placeholder":"Access Key","type":"SingleLineText","required":true},{"key":"access_secret","label":"Access Secret","placeholder":"Access Secret","type":"Password","required":true},{"key":"acl","label":"Access Control Lists (ACL)","placeholder":"Default set to public-read","type":"SingleLineText","required":false}],"actions":[{"label":"Test","placeholder":"Test","key":"test","actionType":"TEST","type":"Button"},{"label":"Save","placeholder":"Save","key":"save","actionType":"SUBMIT","type":"Button"}],"msgOnInstall":"Successfully configured! Attachments will now be stored in DigitalOcean Spaces.","msgOnUninstall":""}',NULL,NULL,NULL,NULL,'2025-02-24 18:31:12+00:00','2025-02-24 18:31:12+00:00');
INSERT INTO nc_plugins_v2 VALUES('backblaze','Backblaze','Backblaze B2 is enterprise-grade, S3 compatible storage that companies around the world use to store and serve data while improving their cloud OpEx vs. Amazon S3 and others.',0,NULL,'0.0.5',NULL,'install',NULL,'plugins/backblaze.jpeg',NULL,'Storage','Storage','{"title":"Configure Backblaze B2","items":[{"key":"bucket","label":"Bucket Name","placeholder":"Bucket Name","type":"SingleLineText","required":true},{"key":"region","label":"Region","placeholder":"e.g. us-west-001","type":"SingleLineText","required":true},{"key":"access_key","label":"Access Key","placeholder":"i.e. keyID in App Keys","type":"SingleLineText","required":true},{"key":"access_secret","label":"Access Secret","placeholder":"i.e. applicationKey in App Keys","type":"Password","required":true},{"key":"acl","label":"Access Control Lists (ACL)","placeholder":"Default set to public-read","type":"SingleLineText","required":false}],"actions":[{"label":"Test","placeholder":"Test","key":"test","actionType":"TEST","type":"Button"},{"label":"Save","placeholder":"Save","key":"save","actionType":"SUBMIT","type":"Button"}],"msgOnInstall":"Successfully configured! Attachments will now be stored in Backblaze B2.","msgOnUninstall":""}',NULL,NULL,NULL,NULL,'2025-02-24 18:31:12+00:00','2025-02-24 18:31:12+00:00');
INSERT INTO nc_plugins_v2 VALUES('vultr','Vultr','Using Vultr Object Storage can give flexibility and cloud storage that allows applications greater flexibility and access worldwide.',0,NULL,'0.0.4',NULL,'install',NULL,'plugins/vultr.png',NULL,'Storage','Storage','{"title":"Configure Vultr Object Storage","items":[{"key":"bucket","label":"Bucket Name","placeholder":"Bucket Name","type":"SingleLineText","required":true},{"key":"hostname","label":"Host Name","placeholder":"e.g.: ewr1.vultrobjects.com","type":"SingleLineText","required":true},{"key":"access_key","label":"Access Key","placeholder":"Access Key","type":"SingleLineText","required":true},{"key":"access_secret","label":"Access Secret","placeholder":"Access Secret","type":"Password","required":true},{"key":"acl","label":"Access Control Lists (ACL)","placeholder":"Default set to public-read","type":"SingleLineText","required":false}],"actions":[{"label":"Test","placeholder":"Test","key":"test","actionType":"TEST","type":"Button"},{"label":"Save","placeholder":"Save","key":"save","actionType":"SUBMIT","type":"Button"}],"msgOnInstall":"Successfully configured! Attachments will now be stored in Vultr Object Storage.","msgOnUninstall":""}',NULL,NULL,NULL,NULL,'2025-02-24 18:31:12+00:00','2025-02-24 18:31:12+00:00');
INSERT INTO nc_plugins_v2 VALUES('ovh','Ovh','Upload your files to a space that you can access via HTTPS using the OpenStack Swift API, or the S3 API. ',0,NULL,'0.0.4',NULL,'install',NULL,'plugins/ovhCloud.png',NULL,'Storage','Storage','{"title":"Configure OvhCloud Object Storage","items":[{"key":"bucket","label":"Bucket Name","placeholder":"Bucket Name","type":"SingleLineText","required":true},{"key":"region","label":"Region","placeholder":"Region","type":"SingleLineText","required":true},{"key":"access_key","label":"Access Key","placeholder":"Access Key","type":"SingleLineText","required":true},{"key":"access_secret","label":"Access Secret","placeholder":"Access Secret","type":"Password","required":true},{"key":"acl","label":"Access Control Lists (ACL)","placeholder":"Default set to public-read","type":"SingleLineText","required":false}],"actions":[{"label":"Test","placeholder":"Test","key":"test","actionType":"TEST","type":"Button"},{"label":"Save","placeholder":"Save","key":"save","actionType":"SUBMIT","type":"Button"}],"msgOnInstall":"Successfully configured! Attachments will now be stored in OvhCloud Object Storage.","msgOnUninstall":""}',NULL,NULL,NULL,NULL,'2025-02-24 18:31:12+00:00','2025-02-24 18:31:12+00:00');
INSERT INTO nc_plugins_v2 VALUES('linode','Linode','S3-compatible Linode Object Storage makes it easy and more affordable to manage unstructured data such as content assets, as well as sophisticated and data-intensive storage challenges around artificial intelligence and machine learning.',0,NULL,'0.0.4',NULL,'install',NULL,'plugins/linode.svg',NULL,'Storage','Storage','{"title":"Configure Linode Object Storage","items":[{"key":"bucket","label":"Bucket Name","placeholder":"Bucket Name","type":"SingleLineText","required":true},{"key":"region","label":"Region","placeholder":"Region","type":"SingleLineText","required":true},{"key":"access_key","label":"Access Key","placeholder":"Access Key","type":"SingleLineText","required":true},{"key":"access_secret","label":"Access Secret","placeholder":"Access Secret","type":"Password","required":true},{"key":"acl","label":"Access Control Lists (ACL)","placeholder":"Default set to public-read","type":"SingleLineText","required":false}],"actions":[{"label":"Test","placeholder":"Test","key":"test","actionType":"TEST","type":"Button"},{"label":"Save","placeholder":"Save","key":"save","actionType":"SUBMIT","type":"Button"}],"msgOnInstall":"Successfully configured! Attachments will now be stored in Linode Object Storage.","msgOnUninstall":""}',NULL,NULL,NULL,NULL,'2025-02-24 18:31:12+00:00','2025-02-24 18:31:12+00:00');
INSERT INTO nc_plugins_v2 VALUES('upcloud','UpCloud',replace('The perfect home for your data. Thanks to the S3-compatible programmable interface,\nyou have a host of options for existing tools and code implementations.\n','\n',char(10)),0,NULL,'0.0.4',NULL,'install',NULL,'plugins/upcloud.png',NULL,'Storage','Storage','{"title":"Configure UpCloud Object Storage","items":[{"key":"bucket","label":"Bucket Name","placeholder":"Bucket Name","type":"SingleLineText","required":true},{"key":"endpoint","label":"Endpoint","placeholder":"Endpoint","type":"SingleLineText","required":true},{"key":"access_key","label":"Access Key","placeholder":"Access Key","type":"SingleLineText","required":true},{"key":"access_secret","label":"Access Secret","placeholder":"Access Secret","type":"Password","required":true},{"key":"acl","label":"Access Control Lists (ACL)","placeholder":"Default set to public-read","type":"SingleLineText","required":false}],"actions":[{"label":"Test","placeholder":"Test","key":"test","actionType":"TEST","type":"Button"},{"label":"Save","placeholder":"Save","key":"save","actionType":"SUBMIT","type":"Button"}],"msgOnInstall":"Successfully configured! Attachments will now be stored in UpCloud Object Storage.","msgOnUninstall":""}',NULL,NULL,NULL,NULL,'2025-02-24 18:31:12+00:00','2025-02-24 18:31:12+00:00');
INSERT INTO nc_plugins_v2 VALUES('smtp','SMTP','SMTP email client',0,NULL,'0.0.4',NULL,'install',NULL,NULL,NULL,'Email','Email','{"title":"Configure Email SMTP","items":[{"key":"from","label":"From address","placeholder":"admin@run.com","type":"SingleLineText","required":true,"help_text":"Successfully configured! Email notifications are now set up using SMTP."},{"key":"host","label":"SMTP server","placeholder":"smtp.run.com","help_text":"Enter outgoing mail server address (SMTP). If you do not have this information available, contact your email service provider","type":"SingleLineText","required":true},{"key":"name","label":"From domain","placeholder":"your-domain.com","type":"SingleLineText","required":true,"help_text":"Specify the domain name that will be used in the ''From'' address (e.g., yourdomain.com). This should match the domain of the From Address."},{"key":"port","label":"SMTP port","placeholder":"Port","type":"SingleLineText","required":true,"help_text":"Enter the port number used by the SMTP server (e.g., 587 for TLS, 465 for SSL, or 25 for non-secure connections)."},{"key":"username","label":"Username","placeholder":"Username","type":"SingleLineText","required":false,"help_text":"Enter the username required to authenticate with the SMTP server. This is usually your email address."},{"key":"password","label":"Password","placeholder":"Password","type":"Password","required":false,"help_text":"Enter the password associated with the SMTP server username. Click the eye icon to view the password as you type"},{"key":"secure","label":"Use secure connection","placeholder":"Secure","type":"Checkbox","required":false,"help_text":"Enable this on if your SMTP server requires a secure connection (SSL/TLS)."},{"key":"ignoreTLS","label":"Ignore TLS errors","placeholder":"Ignore TLS","type":"Checkbox","required":false,"help_text":"Enable this if you want to bypass any TLS errors that may occur during the connection. Only use this if necessary, as it may compromise security."},{"key":"rejectUnauthorized","label":"Reject unauthorized","placeholder":"Reject unauthorized","type":"Checkbox","required":false,"help_text":"Enable this on to reject emails that fail authentication checks, ensuring only authorized emails are sent."}],"actions":[{"label":"Test","key":"test","actionType":"TEST","type":"Button"},{"label":"Save","key":"save","actionType":"SUBMIT","type":"Button"}],"msgOnInstall":"Successfully installed and email notification will use SMTP configuration","msgOnUninstall":"","docs":[]}',NULL,NULL,NULL,NULL,'2025-02-24 18:31:12+00:00','2025-02-24 18:31:12+00:00');
INSERT INTO nc_plugins_v2 VALUES('mailersend','MailerSend','MailerSend email client',0,NULL,'0.0.2',NULL,'install',NULL,'plugins/mailersend.svg',NULL,'Email','Email','{"title":"Configure MailerSend","items":[{"key":"api_key","label":"API key","placeholder":"eg: ***************","type":"Password","required":true},{"key":"from","label":"From","placeholder":"eg: admin@run.com","type":"SingleLineText","required":true},{"key":"from_name","label":"From name","placeholder":"eg: Adam","type":"SingleLineText","required":true}],"actions":[{"label":"Test","key":"test","actionType":"TEST","type":"Button"},{"label":"Save","key":"save","actionType":"SUBMIT","type":"Button"}],"msgOnInstall":"Successfully configured! Email notifications are now set up using MailerSend.","msgOnUninstall":""}',NULL,NULL,NULL,NULL,'2025-02-24 18:31:12+00:00','2025-02-24 18:31:12+00:00');
INSERT INTO nc_plugins_v2 VALUES('scaleway','Scaleway','Scaleway Object Storage is an S3-compatible object store from Scaleway Cloud Platform.',0,NULL,'0.0.4',NULL,'install',NULL,'plugins/scaleway.png',NULL,'Storage','Storage','{"title":"Setup Scaleway","items":[{"key":"bucket","label":"Bucket name","placeholder":"Bucket name","type":"SingleLineText","required":true},{"key":"region","label":"Region of bucket","placeholder":"Region of bucket","type":"SingleLineText","required":true},{"key":"access_key","label":"Access Key","placeholder":"Access Key","type":"SingleLineText","required":true},{"key":"access_secret","label":"Access Secret","placeholder":"Access Secret","type":"Password","required":true},{"key":"acl","label":"Access Control Lists (ACL)","placeholder":"Default set to public-read","type":"SingleLineText","required":false}],"actions":[{"label":"Test","placeholder":"Test","key":"test","actionType":"TEST","type":"Button"},{"label":"Save","placeholder":"Save","key":"save","actionType":"SUBMIT","type":"Button"}],"msgOnInstall":"Successfully configured! Attachments will now be stored in Scaleway Object Storage.","msgOnUninstall":""}',NULL,NULL,NULL,NULL,'2025-02-24 18:31:12+00:00','2025-02-24 18:31:12+00:00');
INSERT INTO nc_plugins_v2 VALUES('ses','SES','Amazon Simple Email Service (SES) is a cost-effective, flexible, and scalable email service that enables developers to send mail from within any application.',0,NULL,'0.0.2',NULL,'install',NULL,'plugins/aws.png',NULL,'Email','Email','{"title":"Configure Amazon Simple Email Service (SES)","items":[{"key":"from","label":"From","placeholder":"From","type":"SingleLineText","required":true},{"key":"region","label":"Region","placeholder":"Region","type":"SingleLineText","required":true},{"key":"access_key","label":"Access Key","placeholder":"Access Key","type":"SingleLineText","required":true},{"key":"access_secret","label":"Access Secret","placeholder":"Access Secret","type":"Password","required":true}],"actions":[{"label":"Test","placeholder":"Test","key":"test","actionType":"TEST","type":"Button"},{"label":"Save","placeholder":"Save","key":"save","actionType":"SUBMIT","type":"Button"}],"msgOnInstall":"Successfully configured! Email notifications are now set up using Amazon SES.","msgOnUninstall":""}',NULL,NULL,NULL,NULL,'2025-02-24 18:31:12+00:00','2025-02-24 18:31:12+00:00');
INSERT INTO nc_plugins_v2 VALUES('cloudflare-r2','Cloudflare R2','Cloudflare R2 is an S3-compatible, zero egress-fee, globally distributed object storage.',0,NULL,'0.0.3',NULL,'install',NULL,'plugins/r2.png',NULL,'Storage','Storage','{"title":"Configure Cloudflare R2 Storage","items":[{"key":"bucket","label":"Bucket Name","placeholder":"Bucket Name","type":"SingleLineText","required":true},{"key":"hostname","label":"Host Name","placeholder":"e.g.: *****.r2.cloudflarestorage.com","type":"SingleLineText","required":true},{"key":"access_key","label":"Access Key","placeholder":"Access Key","type":"SingleLineText","required":true},{"key":"access_secret","label":"Access Secret","placeholder":"Access Secret","type":"Password","required":true}],"actions":[{"label":"Test","placeholder":"Test","key":"test","actionType":"TEST","type":"Button"},{"label":"Save","placeholder":"Save","key":"save","actionType":"SUBMIT","type":"Button"}],"msgOnInstall":"Successfully configured! Attachments will now be stored in Cloudflare R2 Storage.","msgOnUninstall":""}',NULL,NULL,NULL,NULL,'2025-02-24 18:31:12+00:00','2025-02-24 18:31:12+00:00');
CREATE TABLE IF NOT EXISTS "nc_col_relations_v2" (`id` varchar(20) NOT NULL, `ref_db_alias` varchar(255), `type` varchar(255), `virtual` boolean, `db_type` varchar(255), `fk_column_id` varchar(20), `fk_related_model_id` varchar(20), `fk_child_column_id` varchar(20), `fk_parent_column_id` varchar(20), `fk_mm_model_id` varchar(20), `fk_mm_child_column_id` varchar(20), `fk_mm_parent_column_id` varchar(20), `ur` varchar(255), `dr` varchar(255), `fk_index_name` varchar(255), `deleted` boolean, `created_at` datetime NOT NULL DEFAULT CURRENT_TIMESTAMP, `updated_at` datetime NOT NULL DEFAULT CURRENT_TIMESTAMP, `fk_target_view_id` varchar(20), `base_id` varchar(20), PRIMARY KEY (`id`));
CREATE TABLE IF NOT EXISTS "nc_col_select_options_v2" (`id` varchar(20) NOT NULL, `fk_column_id` varchar(20), `title` varchar(255), `color` varchar(255), `order` float, `created_at` datetime NOT NULL DEFAULT CURRENT_TIMESTAMP, `updated_at` datetime NOT NULL DEFAULT CURRENT_TIMESTAMP, `base_id` varchar(20), PRIMARY KEY (`id`));
CREATE TABLE IF NOT EXISTS "nc_col_lookup_v2" (`id` varchar(20) NOT NULL, `fk_column_id` varchar(20), `fk_relation_column_id` varchar(20), `fk_lookup_column_id` varchar(20), `deleted` boolean, `created_at` datetime NOT NULL DEFAULT CURRENT_TIMESTAMP, `updated_at` datetime NOT NULL DEFAULT CURRENT_TIMESTAMP, `base_id` varchar(20), PRIMARY KEY (`id`));
CREATE TABLE IF NOT EXISTS "nc_col_qrcode_v2" (`id` varchar(20) NOT NULL, `fk_column_id` varchar(20), `fk_qr_value_column_id` varchar(20), `deleted` boolean, `order` float, `created_at` datetime NOT NULL DEFAULT CURRENT_TIMESTAMP, `updated_at` datetime NOT NULL DEFAULT CURRENT_TIMESTAMP, `base_id` varchar(20), PRIMARY KEY (`id`));
CREATE TABLE IF NOT EXISTS "nc_col_barcode_v2" (`id` varchar(20) NOT NULL, `fk_column_id` varchar(20), `fk_barcode_value_column_id` varchar(20), `barcode_format` varchar(15), `deleted` boolean, `created_at` datetime NOT NULL DEFAULT CURRENT_TIMESTAMP, `updated_at` datetime NOT NULL DEFAULT CURRENT_TIMESTAMP, `base_id` varchar(20), PRIMARY KEY (`id`));
CREATE TABLE IF NOT EXISTS "nc_col_formula_v2" (`id` varchar(20) NOT NULL, `fk_column_id` varchar(20), `formula` text NOT NULL, `formula_raw` text, `error` text, `deleted` boolean, `order` float, `created_at` datetime NOT NULL DEFAULT CURRENT_TIMESTAMP, `updated_at` datetime NOT NULL DEFAULT CURRENT_TIMESTAMP, `parsed_tree` text, `base_id` varchar(20), PRIMARY KEY (`id`));
CREATE TABLE IF NOT EXISTS "nc_col_rollup_v2" (`id` varchar(20) NOT NULL, `fk_column_id` varchar(20), `fk_relation_column_id` varchar(20), `fk_rollup_column_id` varchar(20), `rollup_function` varchar(255), `deleted` boolean, `created_at` datetime NOT NULL DEFAULT CURRENT_TIMESTAMP, `updated_at` datetime NOT NULL DEFAULT CURRENT_TIMESTAMP, `base_id` varchar(20), PRIMARY KEY (`id`));
CREATE TABLE IF NOT EXISTS "nc_shared_views_v2" (`id` varchar(20) NOT NULL, `fk_view_id` varchar(20), `meta` text, `query_params` text, `view_id` varchar(255), `show_all_fields` boolean, `allow_copy` boolean, `password` varchar(255), `deleted` boolean, `order` float, `created_at` datetime NOT NULL DEFAULT CURRENT_TIMESTAMP, `updated_at` datetime NOT NULL DEFAULT CURRENT_TIMESTAMP, PRIMARY KEY (`id`));
CREATE TABLE `notification` (`id` varchar(20) not null, `type` varchar(40), `body` text, `is_read` boolean default '0', `is_deleted` boolean default '0', `fk_user_id` varchar(20), `created_at` datetime not null default CURRENT_TIMESTAMP, `updated_at` datetime not null default CURRENT_TIMESTAMP, primary key (`id`));
INSERT INTO notification VALUES('nck1dybdag89shya','app.welcome','{}',0,0,'usom776l1a2od7qz','2025-02-24 18:32:28+00:00','2025-02-24 18:32:28+00:00');
CREATE TABLE `nc_calendar_view_range_v2` (`id` varchar(20) not null, `fk_view_id` varchar(20), `fk_to_column_id` varchar(20), `label` varchar(40), `fk_from_column_id` varchar(20), `created_at` datetime not null default CURRENT_TIMESTAMP, `updated_at` datetime not null default CURRENT_TIMESTAMP, `base_id` varchar(20), primary key (`id`));
CREATE TABLE IF NOT EXISTS "nc_users_v2" (`id` varchar(20) NOT NULL, `email` varchar(255), `password` varchar(255), `salt` varchar(255), `invite_token` varchar(255), `invite_token_expires` varchar(255), `reset_password_expires` datetime, `reset_password_token` varchar(255), `email_verification_token` varchar(255), `email_verified` boolean, `roles` varchar(255) DEFAULT 'editor', `created_at` datetime NOT NULL DEFAULT CURRENT_TIMESTAMP, `updated_at` datetime NOT NULL DEFAULT CURRENT_TIMESTAMP, `token_version` varchar(255), `display_name` varchar(255), `user_name` varchar(255), `blocked` boolean DEFAULT '0', `blocked_reason` varchar(255), `deleted_at` datetime, `is_deleted` boolean default '0', `meta` text, PRIMARY KEY (`id`));
INSERT INTO nc_users_v2 VALUES('usom776l1a2od7qz','i771468@gmail.com','$2a$10$COhB6SMdMu7SaaBoI9hk3.VxC0YAgCWBoLWHrreIFCf/ZM0VQK4mW','$2a$10$COhB6SMdMu7SaaBoI9hk3.',NULL,NULL,NULL,NULL,'365cf4ae-9260-4136-a324-b5e5b056c98e',NULL,'org-level-creator,super','2025-02-24 18:32:28+00:00','2025-02-24 18:32:28+00:00','d7744aea276600533d29c58898c86a69407f934064b9446b825ba60863ee38ca084fdc5e81e79151',NULL,NULL,0,NULL,NULL,0,NULL);
CREATE TABLE `nc_user_refresh_tokens` (`fk_user_id` varchar(20), `token` varchar(255), `meta` text, `expires_at` datetime, `created_at` datetime not null default CURRENT_TIMESTAMP, `updated_at` datetime not null default CURRENT_TIMESTAMP);
INSERT INTO nc_user_refresh_tokens VALUES('usom776l1a2od7qz','4210ce4fbe2544b1a1907d7ee6aead3195d3bcab01dc7558e0deb7d8b7c23a773210f9abc5a0faa2',NULL,1743046365573,'2025-02-24 18:32:28+00:00','2025-02-25 04:32:45+00:00');
INSERT INTO nc_user_refresh_tokens VALUES('usom776l1a2od7qz','5cdd12679524b5b98ec507f3b3d48999b357d754a36caefe4cb44fc2fcf3bd9d14f84d26541beef2',NULL,1743256966480,'2025-02-26 16:50:04+00:00','2025-02-27 15:02:46+00:00');
INSERT INTO nc_user_refresh_tokens VALUES('usom776l1a2od7qz','077789f8d94be3c5d91ed47b085890e5e754f1d02ddb9f3d284b4b052039fc565aed9aa82385faa4',NULL,1743354237647,'2025-02-28 18:03:57+00:00','2025-02-28 18:03:57+00:00');
CREATE TABLE `nc_extensions` (`id` varchar(20), `base_id` varchar(20), `fk_user_id` varchar(20), `extension_id` varchar(255), `title` varchar(255), `kv_store` text, `meta` text, `order` float, `created_at` datetime not null default CURRENT_TIMESTAMP, `updated_at` datetime not null default CURRENT_TIMESTAMP, primary key (`id`));
CREATE TABLE `nc_jobs` (`id` varchar(20), `job` varchar(255), `status` varchar(20), `result` text, `fk_user_id` varchar(20), `fk_workspace_id` varchar(20), `base_id` varchar(20), `created_at` datetime not null default CURRENT_TIMESTAMP, `updated_at` datetime not null default CURRENT_TIMESTAMP, primary key (`id`));
CREATE TABLE IF NOT EXISTS "nc_api_tokens" (`id` integer PRIMARY KEY AUTOINCREMENT NOT NULL, `base_id` varchar(20), `db_alias` varchar(255), `description` varchar(255), `permissions` text, `token` text, `expiry` varchar(255), `enabled` boolean DEFAULT '1', `created_at` datetime, `updated_at` datetime, `fk_user_id` varchar(20));
CREATE TABLE IF NOT EXISTS "nc_audit_v2" (`id` varchar(20) NOT NULL, `user` varchar(255), `ip` varchar(255), `source_id` varchar(20), `base_id` varchar(20), `fk_model_id` varchar(20), `row_id` varchar(255), `op_type` varchar(255), `op_sub_type` varchar(255), `status` varchar(255), `description` text, `details` text, `created_at` datetime NOT NULL DEFAULT CURRENT_TIMESTAMP, `updated_at` datetime NOT NULL DEFAULT CURRENT_TIMESTAMP, `version` integer default '0', `fk_user_id` varchar(20), `fk_ref_id` varchar(20), `fk_parent_id` varchar(20), `user_agent` text, PRIMARY KEY (`id`));
INSERT INTO nc_audit_v2 VALUES('adt2800i8t3ath45f','i771468@gmail.com','::1','bwih6ehr2wq7ed5','p0y5haqnubnnf7q','mwl4u4ejd5v7ybn','1','DATA_INSERT',NULL,NULL,NULL,'{"data":{},"column_meta":{},"table_title":"Imports"}','2025-02-28 18:04:38+00:00','2025-02-28 18:04:38+00:00',1,'usom776l1a2od7qz',NULL,NULL,'Mozilla/5.0 (Windows NT 10.0; Win64; x64) AppleWebKit/537.36 (KHTML, like Gecko) Chrome/133.0.0.0 Safari/537.36');
INSERT INTO nc_audit_v2 VALUES('adtccjfs0cmp5rs1m','i771468@gmail.com','::1','bwih6ehr2wq7ed5','p0y5haqnubnnf7q','mwl4u4ejd5v7ybn','1','DATA_UPDATE',NULL,NULL,NULL,'{"old_data":{"Title":null},"data":{"Title":"Im"},"column_meta":{"Title":{"id":"car62y1s8vckygd","title":"Title","type":"SingleLineText","options":{}}},"table_title":"Imports"}','2025-02-28 18:04:46+00:00','2025-02-28 18:04:46+00:00',1,'usom776l1a2od7qz',NULL,NULL,'Mozilla/5.0 (Windows NT 10.0; Win64; x64) AppleWebKit/537.36 (KHTML, like Gecko) Chrome/133.0.0.0 Safari/537.36');
INSERT INTO nc_audit_v2 VALUES('adt079pv4baylxt80','i771468@gmail.com','::1','bwih6ehr2wq7ed5','p0y5haqnubnnf7q','mwl4u4ejd5v7ybn','1','DATA_UPDATE',NULL,NULL,NULL,'{"old_data":{"Title":"Im"},"data":{"Title":"Import"},"column_meta":{"Title":{"id":"car62y1s8vckygd","title":"Title","type":"SingleLineText","options":{}}},"table_title":"Imports"}','2025-02-28 18:04:47+00:00','2025-02-28 18:04:47+00:00',1,'usom776l1a2od7qz',NULL,NULL,'Mozilla/5.0 (Windows NT 10.0; Win64; x64) AppleWebKit/537.36 (KHTML, like Gecko) Chrome/133.0.0.0 Safari/537.36');
INSERT INTO nc_audit_v2 VALUES('adtz0npwzx98hhhq4','i771468@gmail.com','::1','bwih6ehr2wq7ed5','p0y5haqnubnnf7q','mwl4u4ejd5v7ybn','1','DATA_UPDATE',NULL,NULL,NULL,'{"old_data":{"Title":"Import"},"data":{"Title":"ImportSales"},"column_meta":{"Title":{"id":"car62y1s8vckygd","title":"Title","type":"SingleLineText","options":{}}},"table_title":"Imports"}','2025-02-28 18:04:52+00:00','2025-02-28 18:04:52+00:00',1,'usom776l1a2od7qz',NULL,NULL,'Mozilla/5.0 (Windows NT 10.0; Win64; x64) AppleWebKit/537.36 (KHTML, like Gecko) Chrome/133.0.0.0 Safari/537.36');
INSERT INTO nc_audit_v2 VALUES('adt7csms8wgpz4srd','i771468@gmail.com','::1','bwih6ehr2wq7ed5','p0y5haqnubnnf7q','mwl4u4ejd5v7ybn','1','DATA_UPDATE',NULL,NULL,NULL,'{"old_data":{"Title":"ImportSales"},"data":{"Title":"ImportSalesfo"},"column_meta":{"Title":{"id":"car62y1s8vckygd","title":"Title","type":"SingleLineText","options":{}}},"table_title":"Imports"}','2025-02-28 18:04:54+00:00','2025-02-28 18:04:54+00:00',1,'usom776l1a2od7qz',NULL,NULL,'Mozilla/5.0 (Windows NT 10.0; Win64; x64) AppleWebKit/537.36 (KHTML, like Gecko) Chrome/133.0.0.0 Safari/537.36');
INSERT INTO nc_audit_v2 VALUES('adtsxsn17oy2n9fkv','i771468@gmail.com','::1','bwih6ehr2wq7ed5','p0y5haqnubnnf7q','mwl4u4ejd5v7ybn','1','DATA_UPDATE',NULL,NULL,NULL,'{"old_data":{"Title":"ImportSalesfo"},"data":{"Title":"ImportSalesfoice"},"column_meta":{"Title":{"id":"car62y1s8vckygd","title":"Title","type":"SingleLineText","options":{}}},"table_title":"Imports"}','2025-02-28 18:04:55+00:00','2025-02-28 18:04:55+00:00',1,'usom776l1a2od7qz',NULL,NULL,'Mozilla/5.0 (Windows NT 10.0; Win64; x64) AppleWebKit/537.36 (KHTML, like Gecko) Chrome/133.0.0.0 Safari/537.36');
INSERT INTO nc_audit_v2 VALUES('adtpno3p8ccatwzcf','i771468@gmail.com','::1','bwih6ehr2wq7ed5','p0y5haqnubnnf7q','mwl4u4ejd5v7ybn','1','DATA_UPDATE',NULL,NULL,NULL,'{"old_data":{"Title":"ImportSalesfoice"},"data":{"Title":"ImportSalesforce"},"column_meta":{"Title":{"id":"car62y1s8vckygd","title":"Title","type":"SingleLineText","options":{}}},"table_title":"Imports"}','2025-02-28 18:04:56+00:00','2025-02-28 18:04:56+00:00',1,'usom776l1a2od7qz',NULL,NULL,'Mozilla/5.0 (Windows NT 10.0; Win64; x64) AppleWebKit/537.36 (KHTML, like Gecko) Chrome/133.0.0.0 Safari/537.36');
CREATE TABLE IF NOT EXISTS "nc_comment_reactions" (`id` varchar(20), `row_id` varchar(255), `comment_id` varchar(20), `source_id` varchar(20), `fk_model_id` varchar(20), `base_id` varchar(20), `reaction` varchar(255), `created_by` varchar(255), `created_at` datetime NOT NULL DEFAULT CURRENT_TIMESTAMP, `updated_at` datetime NOT NULL DEFAULT CURRENT_TIMESTAMP, PRIMARY KEY (`id`));
CREATE TABLE IF NOT EXISTS "nc_comments" (`id` varchar(20), `row_id` varchar(255), `comment` text, `created_by` varchar(20), `created_by_email` varchar(255), `resolved_by` varchar(20), `resolved_by_email` varchar(255), `parent_comment_id` varchar(20), `source_id` varchar(20), `base_id` varchar(20), `fk_model_id` varchar(20), `is_deleted` boolean, `created_at` datetime NOT NULL DEFAULT CURRENT_TIMESTAMP, `updated_at` datetime NOT NULL DEFAULT CURRENT_TIMESTAMP, PRIMARY KEY (`id`));
CREATE TABLE IF NOT EXISTS "nc_disabled_models_for_role_v2" (`id` varchar(20) NOT NULL, `source_id` varchar(20), `base_id` varchar(20), `fk_view_id` varchar(20), `role` varchar(45), `disabled` boolean DEFAULT '1', `created_at` datetime NOT NULL DEFAULT CURRENT_TIMESTAMP, `updated_at` datetime NOT NULL DEFAULT CURRENT_TIMESTAMP, PRIMARY KEY (`id`));
CREATE TABLE IF NOT EXISTS "nc_filter_exp_v2" (`id` varchar(20) NOT NULL, `source_id` varchar(20), `base_id` varchar(20), `fk_view_id` varchar(20), `fk_hook_id` varchar(20), `fk_column_id` varchar(20), `fk_parent_id` varchar(20), `logical_op` varchar(255), `comparison_op` varchar(255), `value` text, `is_group` boolean, `order` float, `created_at` datetime NOT NULL DEFAULT CURRENT_TIMESTAMP, `updated_at` datetime NOT NULL DEFAULT CURRENT_TIMESTAMP, `comparison_sub_op` varchar(255), `fk_link_col_id` varchar(20), `fk_value_col_id` varchar(20), `fk_parent_column_id` varchar(20), PRIMARY KEY (`id`));
CREATE TABLE IF NOT EXISTS "nc_form_view_columns_v2" (`id` varchar(20) NOT NULL, `source_id` varchar(20), `base_id` varchar(20), `fk_view_id` varchar(20), `fk_column_id` varchar(20), `uuid` varchar(255), `label` text, `help` text, `description` text, `required` boolean, `show` boolean, `order` float, `created_at` datetime NOT NULL DEFAULT CURRENT_TIMESTAMP, `updated_at` datetime NOT NULL DEFAULT CURRENT_TIMESTAMP, `meta` text, `enable_scanner` boolean, PRIMARY KEY (`id`));
CREATE TABLE IF NOT EXISTS "nc_form_view_v2" (`source_id` varchar(20), `base_id` varchar(20), `fk_view_id` varchar(20), `heading` varchar(255), `subheading` text, `success_msg` text, `redirect_url` text, `redirect_after_secs` varchar(255), `email` varchar(255), `submit_another_form` boolean, `show_blank_form` boolean, `uuid` varchar(255), `banner_image_url` text, `logo_url` text, `created_at` datetime NOT NULL DEFAULT CURRENT_TIMESTAMP, `updated_at` datetime NOT NULL DEFAULT CURRENT_TIMESTAMP, `meta` text, PRIMARY KEY (`fk_view_id`));
CREATE TABLE IF NOT EXISTS "nc_gallery_view_columns_v2" (`id` varchar(20) NOT NULL, `source_id` varchar(20), `base_id` varchar(20), `fk_view_id` varchar(20), `fk_column_id` varchar(20), `uuid` varchar(255), `label` varchar(255), `help` varchar(255), `show` boolean, `order` float, `created_at` datetime NOT NULL DEFAULT CURRENT_TIMESTAMP, `updated_at` datetime NOT NULL DEFAULT CURRENT_TIMESTAMP, PRIMARY KEY (`id`));
CREATE TABLE IF NOT EXISTS "nc_gallery_view_v2" (`source_id` varchar(20), `base_id` varchar(20), `fk_view_id` varchar(20), `next_enabled` boolean, `prev_enabled` boolean, `cover_image_idx` integer, `fk_cover_image_col_id` varchar(20), `cover_image` varchar(255), `restrict_types` varchar(255), `restrict_size` varchar(255), `restrict_number` varchar(255), `public` boolean, `dimensions` varchar(255), `responsive_columns` varchar(255), `created_at` datetime NOT NULL DEFAULT CURRENT_TIMESTAMP, `updated_at` datetime NOT NULL DEFAULT CURRENT_TIMESTAMP, `meta` text, PRIMARY KEY (`fk_view_id`));
CREATE TABLE IF NOT EXISTS "nc_grid_view_columns_v2" (`id` varchar(20) NOT NULL, `fk_view_id` varchar(20), `fk_column_id` varchar(20), `source_id` varchar(20), `base_id` varchar(20), `uuid` varchar(255), `label` varchar(255), `help` varchar(255), `width` varchar(255) DEFAULT '200px', `show` boolean, `order` float, `created_at` datetime NOT NULL DEFAULT CURRENT_TIMESTAMP, `updated_at` datetime NOT NULL DEFAULT CURRENT_TIMESTAMP, `group_by` boolean, `group_by_order` float, `group_by_sort` varchar(255), `aggregation` varchar(30) NULL DEFAULT null, PRIMARY KEY (`id`));
INSERT INTO nc_grid_view_columns_v2 VALUES('ncj4i481g9455ji4','vw718oqt5erynpb1','ct76fi2foiqnus3','btiiil63xlf9m7u','p1d4tfs15g8e4en',NULL,NULL,NULL,'200px',1,1.0,'2025-02-24 18:32:28+00:00','2025-02-24 18:32:28+00:00',NULL,NULL,NULL,'none');
INSERT INTO nc_grid_view_columns_v2 VALUES('ncjvh67gfsfnm747','vw718oqt5erynpb1','cqp0y3krsq4mgg2','btiiil63xlf9m7u','p1d4tfs15g8e4en',NULL,NULL,NULL,'200px',1,2.0,'2025-02-24 18:32:28+00:00','2025-02-24 18:32:28+00:00',NULL,NULL,NULL,'none');
INSERT INTO nc_grid_view_columns_v2 VALUES('nc3vvpkfc0ukludx','vw718oqt5erynpb1','co0yhrtdnubqeyv','btiiil63xlf9m7u','p1d4tfs15g8e4en',NULL,NULL,NULL,'200px',1,3.0,'2025-02-24 18:32:28+00:00','2025-02-24 18:32:28+00:00',NULL,NULL,NULL,'none');
INSERT INTO nc_grid_view_columns_v2 VALUES('nchtrwl9zwbbhpw7','vw718oqt5erynpb1','cfismtyyfn2ak5d','btiiil63xlf9m7u','p1d4tfs15g8e4en',NULL,NULL,NULL,'200px',1,4.0,'2025-02-24 18:32:28+00:00','2025-02-24 18:32:28+00:00',NULL,NULL,NULL,'none');
INSERT INTO nc_grid_view_columns_v2 VALUES('nc72pp66rc72v370','vw718oqt5erynpb1','caf2ryh6ag4gdt3','btiiil63xlf9m7u','p1d4tfs15g8e4en',NULL,NULL,NULL,'200px',1,5.0,'2025-02-24 18:32:28+00:00','2025-02-24 18:32:28+00:00',NULL,NULL,NULL,'none');
INSERT INTO nc_grid_view_columns_v2 VALUES('ncgtdk641jljhnad','vw718oqt5erynpb1','c2nrogkcqlkzz61','btiiil63xlf9m7u','p1d4tfs15g8e4en',NULL,NULL,NULL,'200px',1,6.0,'2025-02-24 18:32:28+00:00','2025-02-24 18:32:28+00:00',NULL,NULL,NULL,'none');
INSERT INTO nc_grid_view_columns_v2 VALUES('ncmnqe5it2yeihzf','vw718oqt5erynpb1','cca4bk4l55wu7s7','btiiil63xlf9m7u','p1d4tfs15g8e4en',NULL,NULL,NULL,'200px',1,7.0,'2025-02-24 18:32:28+00:00','2025-02-24 18:32:28+00:00',NULL,NULL,NULL,'none');
INSERT INTO nc_grid_view_columns_v2 VALUES('ncnfdv0boagr9opf','vwzy99rsutktcrlc','ce682vu8jq5h6u5','bwih6ehr2wq7ed5','p0y5haqnubnnf7q',NULL,NULL,NULL,'200px',1,1.0,'2025-02-28 18:04:18+00:00','2025-02-28 18:04:18+00:00',NULL,NULL,NULL,'none');
INSERT INTO nc_grid_view_columns_v2 VALUES('nch6vbmnjlfhxq1a','vwzy99rsutktcrlc','car62y1s8vckygd','bwih6ehr2wq7ed5','p0y5haqnubnnf7q',NULL,NULL,NULL,'200px',1,2.0,'2025-02-28 18:04:18+00:00','2025-02-28 18:04:18+00:00',NULL,NULL,NULL,'none');
INSERT INTO nc_grid_view_columns_v2 VALUES('ncn1o7wig53ot5w4','vwzy99rsutktcrlc','c7xy6aehdh9ew9l','bwih6ehr2wq7ed5','p0y5haqnubnnf7q',NULL,NULL,NULL,'200px',1,3.0,'2025-02-28 18:04:18+00:00','2025-02-28 18:04:18+00:00',NULL,NULL,NULL,'none');
INSERT INTO nc_grid_view_columns_v2 VALUES('nc866fuhaqaz1sir','vwzy99rsutktcrlc','cklotchupb3e5wn','bwih6ehr2wq7ed5','p0y5haqnubnnf7q',NULL,NULL,NULL,'200px',1,4.0,'2025-02-28 18:04:18+00:00','2025-02-28 18:04:18+00:00',NULL,NULL,NULL,'none');
INSERT INTO nc_grid_view_columns_v2 VALUES('ncxawvlepun02xlp','vwzy99rsutktcrlc','cbody4vlx2yqkc3','bwih6ehr2wq7ed5','p0y5haqnubnnf7q',NULL,NULL,NULL,'200px',1,5.0,'2025-02-28 18:04:18+00:00','2025-02-28 18:04:18+00:00',NULL,NULL,NULL,'none');
INSERT INTO nc_grid_view_columns_v2 VALUES('nchex04kn36pcq4v','vwzy99rsutktcrlc','cp6cnln7yz34c1o','bwih6ehr2wq7ed5','p0y5haqnubnnf7q',NULL,NULL,NULL,'200px',1,6.0,'2025-02-28 18:04:18+00:00','2025-02-28 18:04:18+00:00',NULL,NULL,NULL,'none');
INSERT INTO nc_grid_view_columns_v2 VALUES('nc4uoosvojnqjbmj','vwzy99rsutktcrlc','cue987m5rva8sto','bwih6ehr2wq7ed5','p0y5haqnubnnf7q',NULL,NULL,NULL,'200px',1,7.0,'2025-02-28 18:04:18+00:00','2025-02-28 18:04:18+00:00',NULL,NULL,NULL,'none');
CREATE TABLE IF NOT EXISTS "nc_grid_view_v2" (`fk_view_id` varchar(20), `source_id` varchar(20), `base_id` varchar(20), `uuid` varchar(255), `created_at` datetime NOT NULL DEFAULT CURRENT_TIMESTAMP, `updated_at` datetime NOT NULL DEFAULT CURRENT_TIMESTAMP, `meta` text, `row_height` integer, PRIMARY KEY (`fk_view_id`));
INSERT INTO nc_grid_view_v2 VALUES('vw718oqt5erynpb1','btiiil63xlf9m7u','p1d4tfs15g8e4en',NULL,'2025-02-24 18:32:28+00:00','2025-02-24 18:32:28+00:00',NULL,NULL);
INSERT INTO nc_grid_view_v2 VALUES('vwzy99rsutktcrlc','bwih6ehr2wq7ed5','p0y5haqnubnnf7q',NULL,'2025-02-28 18:04:18+00:00','2025-02-28 18:04:18+00:00',NULL,NULL);
CREATE TABLE IF NOT EXISTS "nc_hook_logs_v2" (`id` varchar(20) NOT NULL, `source_id` varchar(20), `base_id` varchar(20), `fk_hook_id` varchar(20), `type` varchar(255), `event` varchar(255), `operation` varchar(255), `test_call` boolean DEFAULT '1', `payload` text, `conditions` text, `notification` text, `error_code` varchar(255), `error_message` varchar(255), `error` text, `execution_time` integer, `response` text, `triggered_by` varchar(255), `created_at` datetime NOT NULL DEFAULT CURRENT_TIMESTAMP, `updated_at` datetime NOT NULL DEFAULT CURRENT_TIMESTAMP, PRIMARY KEY (`id`));
CREATE TABLE IF NOT EXISTS "nc_hooks_v2" (`id` varchar(20) NOT NULL, `source_id` varchar(20), `base_id` varchar(20), `fk_model_id` varchar(20), `title` varchar(255), `description` varchar(255), `env` varchar(255) DEFAULT 'all', `type` varchar(255), `event` varchar(255), `operation` varchar(255), `async` boolean DEFAULT '0', `payload` boolean DEFAULT '1', `url` text, `headers` text, `condition` boolean DEFAULT '0', `notification` text, `retries` integer DEFAULT '0', `retry_interval` integer DEFAULT '60000', `timeout` integer DEFAULT '60000', `active` boolean DEFAULT '1', `created_at` datetime NOT NULL DEFAULT CURRENT_TIMESTAMP, `updated_at` datetime NOT NULL DEFAULT CURRENT_TIMESTAMP, `version` varchar(255), PRIMARY KEY (`id`));
CREATE TABLE IF NOT EXISTS "nc_kanban_view_columns_v2" (`id` varchar(20) NOT NULL, `source_id` varchar(20), `base_id` varchar(20), `fk_view_id` varchar(20), `fk_column_id` varchar(20), `uuid` varchar(255), `label` varchar(255), `help` varchar(255), `show` boolean, `order` float, `created_at` datetime NOT NULL DEFAULT CURRENT_TIMESTAMP, `updated_at` datetime NOT NULL DEFAULT CURRENT_TIMESTAMP, PRIMARY KEY (`id`));
CREATE TABLE IF NOT EXISTS "nc_kanban_view_v2" (`fk_view_id` varchar(20), `source_id` varchar(20), `base_id` varchar(20), `show` boolean, `order` float, `uuid` varchar(255), `title` varchar(255), `public` boolean, `password` varchar(255), `show_all_fields` boolean, `created_at` datetime NOT NULL DEFAULT CURRENT_TIMESTAMP, `updated_at` datetime NOT NULL DEFAULT CURRENT_TIMESTAMP, `fk_grp_col_id` varchar(20), `fk_cover_image_col_id` varchar(20), `meta` text, PRIMARY KEY (`fk_view_id`));
CREATE TABLE IF NOT EXISTS "nc_map_view_v2" (`fk_view_id` varchar(20), `source_id` varchar(20), `base_id` varchar(20), `uuid` varchar(255), `title` varchar(255), `fk_geo_data_col_id` varchar(20), `meta` text, `created_at` datetime, `updated_at` datetime, PRIMARY KEY (`fk_view_id`));
CREATE TABLE IF NOT EXISTS "nc_map_view_columns_v2" (`id` varchar(20) NOT NULL, `base_id` varchar(20), `project_id` varchar(128), `fk_view_id` varchar(20), `fk_column_id` varchar(20), `uuid` varchar(255), `label` varchar(255), `help` varchar(255), `show` boolean, `order` float, `created_at` datetime NOT NULL DEFAULT CURRENT_TIMESTAMP, `updated_at` datetime NOT NULL DEFAULT CURRENT_TIMESTAMP, PRIMARY KEY (`id`));
CREATE TABLE IF NOT EXISTS "nc_sort_v2" (`id` varchar(20) NOT NULL, `source_id` varchar(20), `base_id` varchar(20), `fk_view_id` varchar(20), `fk_column_id` varchar(20), `direction` varchar(255) DEFAULT 'false', `order` float, `created_at` datetime NOT NULL DEFAULT CURRENT_TIMESTAMP, `updated_at` datetime NOT NULL DEFAULT CURRENT_TIMESTAMP, PRIMARY KEY (`id`));
CREATE TABLE IF NOT EXISTS "nc_sources_v2" (`id` varchar(20) NOT NULL, `base_id` varchar(20), `alias` varchar(255), `config` text, `meta` text, `is_meta` boolean, `type` varchar(255), `inflection_column` varchar(255), `inflection_table` varchar(255), `created_at` datetime NOT NULL DEFAULT CURRENT_TIMESTAMP, `updated_at` datetime NOT NULL DEFAULT CURRENT_TIMESTAMP, `enabled` boolean DEFAULT '1', `order` float, `description` varchar(255), `erd_uuid` varchar(255), `deleted` boolean DEFAULT '0', `is_schema_readonly` boolean DEFAULT '0', `is_data_readonly` boolean DEFAULT '0', `fk_integration_id` varchar(20), `is_local` boolean default '0', `is_encrypted` boolean default '0', PRIMARY KEY (`id`));
INSERT INTO nc_sources_v2 VALUES('btiiil63xlf9m7u','p1d4tfs15g8e4en',NULL,NULL,NULL,1,'sqlite3','camelize','camelize','2025-02-24 18:32:28+00:00','2025-02-24 18:32:28+00:00',1,1.0,NULL,NULL,0,0,0,NULL,0,0);
INSERT INTO nc_sources_v2 VALUES('bwih6ehr2wq7ed5','p0y5haqnubnnf7q',NULL,NULL,NULL,1,'sqlite3','camelize','camelize','2025-02-24 18:32:59+00:00','2025-02-24 18:32:59+00:00',1,1.0,NULL,NULL,0,0,0,NULL,0,0);
CREATE TABLE IF NOT EXISTS "nc_sync_logs_v2" (`id` varchar(20) NOT NULL, `base_id` varchar(20), `fk_sync_source_id` varchar(20), `time_taken` integer, `status` varchar(255), `status_details` text, `created_at` datetime NOT NULL DEFAULT CURRENT_TIMESTAMP, `updated_at` datetime NOT NULL DEFAULT CURRENT_TIMESTAMP, PRIMARY KEY (`id`));
CREATE TABLE IF NOT EXISTS "nc_sync_source_v2" (`id` varchar(20) NOT NULL, `title` varchar(255), `type` varchar(255), `details` text, `deleted` boolean, `enabled` boolean DEFAULT '1', `order` float, `base_id` varchar(20), `fk_user_id` varchar(20), `created_at` datetime NOT NULL DEFAULT CURRENT_TIMESTAMP, `updated_at` datetime NOT NULL DEFAULT CURRENT_TIMESTAMP, `source_id` varchar(20), PRIMARY KEY (`id`));
CREATE TABLE IF NOT EXISTS "nc_user_comment_notifications_preference" (`id` varchar(20), `row_id` varchar(255), `user_id` varchar(20), `fk_model_id` varchar(20), `source_id` varchar(20), `base_id` varchar(20), `preferences` varchar(255), `created_at` datetime NOT NULL DEFAULT CURRENT_TIMESTAMP, `updated_at` datetime NOT NULL DEFAULT CURRENT_TIMESTAMP, PRIMARY KEY (`id`));
CREATE TABLE IF NOT EXISTS "nc_calendar_view_v2" (`fk_view_id` varchar(20), `base_id` varchar(20), `source_id` varchar(20), `title` varchar(255), `fk_cover_image_col_id` varchar(20), `meta` text, `created_at` datetime, `updated_at` datetime, PRIMARY KEY (`fk_view_id`));
CREATE TABLE IF NOT EXISTS "nc_calendar_view_columns_v2" (`id` varchar(20) NOT NULL, `base_id` varchar(20), `source_id` varchar(20), `fk_view_id` varchar(20), `fk_column_id` varchar(20), `show` boolean, `bold` boolean, `underline` boolean, `italic` boolean, `order` float, `created_at` datetime NOT NULL DEFAULT CURRENT_TIMESTAMP, `updated_at` datetime NOT NULL DEFAULT CURRENT_TIMESTAMP, PRIMARY KEY (`id`));
CREATE TABLE IF NOT EXISTS "nc_base_users_v2" (`base_id` varchar(20), `fk_user_id` varchar(20), `roles` text, `starred` boolean, `pinned` boolean, `group` varchar(255), `color` varchar(255), `order` float, `hidden` float, `opened_date` datetime, `created_at` datetime NOT NULL DEFAULT CURRENT_TIMESTAMP, `updated_at` datetime NOT NULL DEFAULT CURRENT_TIMESTAMP, `invited_by` varchar(20), PRIMARY KEY (`base_id`, `fk_user_id`));
INSERT INTO nc_base_users_v2 VALUES('p1d4tfs15g8e4en','usom776l1a2od7qz','owner',NULL,NULL,NULL,NULL,NULL,NULL,NULL,'2025-02-24 18:32:28+00:00','2025-02-24 18:32:28+00:00',NULL);
INSERT INTO nc_base_users_v2 VALUES('p0y5haqnubnnf7q','usom776l1a2od7qz','owner',NULL,NULL,NULL,NULL,NULL,NULL,NULL,'2025-02-24 18:32:59+00:00','2025-02-24 18:32:59+00:00',NULL);
CREATE TABLE `nc_integrations_v2` (`id` varchar(20), `title` varchar(128), `config` text, `meta` text, `type` varchar(20), `sub_type` varchar(20), `is_private` boolean default '0', `deleted` boolean default '0', `created_by` varchar(20), `order` float, `created_at` datetime not null default CURRENT_TIMESTAMP, `updated_at` datetime not null default CURRENT_TIMESTAMP, `is_default` boolean default '0', `is_encrypted` boolean default '0', primary key (`id`));
CREATE TABLE `nc_file_references` (`id` varchar(20) not null, `storage` varchar(255), `file_url` text, `file_size` integer, `fk_user_id` varchar(20), `fk_workspace_id` varchar(20), `base_id` varchar(20), `source_id` varchar(20), `fk_model_id` varchar(20), `fk_column_id` varchar(20), `is_external` boolean default '0', `deleted` boolean default '0', `created_at` datetime not null default CURRENT_TIMESTAMP, `updated_at` datetime not null default CURRENT_TIMESTAMP, primary key (`id`));
CREATE TABLE IF NOT EXISTS "nc_columns_v2" (`id` varchar(20) NOT NULL, `source_id` varchar(20), `base_id` varchar(20), `fk_model_id` varchar(20), `title` varchar(255), `column_name` varchar(255), `uidt` varchar(255), `dt` varchar(255), `np` varchar(255), `ns` varchar(255), `clen` varchar(255), `cop` varchar(255), `pk` boolean, `pv` boolean, `rqd` boolean, `un` boolean, `ct` text, `ai` boolean, `unique` boolean, `cdf` text, `cc` text, `csn` varchar(255), `dtx` varchar(255), `dtxp` text, `dtxs` varchar(255), `au` boolean, `validate` text, `virtual` boolean, `deleted` boolean, `system` boolean DEFAULT '0', `order` float, `created_at` datetime NOT NULL DEFAULT CURRENT_TIMESTAMP, `updated_at` datetime NOT NULL DEFAULT CURRENT_TIMESTAMP, `meta` text, `description` text, PRIMARY KEY (`id`));
INSERT INTO nc_columns_v2 VALUES('ct76fi2foiqnus3','btiiil63xlf9m7u','p1d4tfs15g8e4en','m9lk3xg8n92qndj','Id','id','ID','integer',NULL,'0',NULL,NULL,1,NULL,1,0,'int(11)',1,NULL,NULL,NULL,NULL,'integer','','',NULL,NULL,NULL,NULL,NULL,1.0,'2025-02-24 18:32:28+00:00','2025-02-24 18:32:28+00:00',NULL,NULL);
INSERT INTO nc_columns_v2 VALUES('cqp0y3krsq4mgg2','btiiil63xlf9m7u','p1d4tfs15g8e4en','m9lk3xg8n92qndj','Title','title','SingleLineText','varchar',NULL,NULL,'45',NULL,0,1,0,0,'varchar',0,NULL,NULL,NULL,NULL,'specificType','','',NULL,NULL,NULL,NULL,NULL,2.0,'2025-02-24 18:32:28+00:00','2025-02-24 18:32:28+00:00',NULL,NULL);
INSERT INTO nc_columns_v2 VALUES('co0yhrtdnubqeyv','btiiil63xlf9m7u','p1d4tfs15g8e4en','m9lk3xg8n92qndj','CreatedAt','created_at','CreatedTime','datetime',NULL,NULL,'45',NULL,0,NULL,0,0,'datetime',0,NULL,NULL,NULL,NULL,'specificType','','',NULL,NULL,NULL,NULL,1,3.0,'2025-02-24 18:32:28+00:00','2025-02-24 18:32:28+00:00',NULL,NULL);
INSERT INTO nc_columns_v2 VALUES('cfismtyyfn2ak5d','btiiil63xlf9m7u','p1d4tfs15g8e4en','m9lk3xg8n92qndj','UpdatedAt','updated_at','LastModifiedTime','datetime',NULL,NULL,'45',NULL,0,NULL,0,0,'datetime',0,NULL,NULL,NULL,NULL,'specificType','','',NULL,NULL,NULL,NULL,1,4.0,'2025-02-24 18:32:28+00:00','2025-02-24 18:32:28+00:00',NULL,NULL);
INSERT INTO nc_columns_v2 VALUES('caf2ryh6ag4gdt3','btiiil63xlf9m7u','p1d4tfs15g8e4en','m9lk3xg8n92qndj','nc_created_by','created_by','CreatedBy','varchar',NULL,NULL,'45',NULL,0,NULL,0,0,'varchar',0,NULL,NULL,NULL,NULL,'specificType','','',NULL,NULL,NULL,NULL,1,5.0,'2025-02-24 18:32:28+00:00','2025-02-24 18:32:28+00:00',NULL,NULL);
INSERT INTO nc_columns_v2 VALUES('c2nrogkcqlkzz61','btiiil63xlf9m7u','p1d4tfs15g8e4en','m9lk3xg8n92qndj','nc_updated_by','updated_by','LastModifiedBy','varchar',NULL,NULL,'45',NULL,0,NULL,0,0,'varchar',0,NULL,NULL,NULL,NULL,'specificType','','',NULL,NULL,NULL,NULL,1,6.0,'2025-02-24 18:32:28+00:00','2025-02-24 18:32:28+00:00',NULL,NULL);
INSERT INTO nc_columns_v2 VALUES('cca4bk4l55wu7s7','btiiil63xlf9m7u','p1d4tfs15g8e4en','m9lk3xg8n92qndj','nc_order','nc_order','Order','real',NULL,NULL,NULL,NULL,0,NULL,0,0,'real',0,NULL,NULL,NULL,NULL,'specificType','','',NULL,NULL,NULL,NULL,1,7.0,'2025-02-24 18:32:28+00:00','2025-02-24 18:32:28+00:00',NULL,NULL);
INSERT INTO nc_columns_v2 VALUES('ce682vu8jq5h6u5','bwih6ehr2wq7ed5','p0y5haqnubnnf7q','mwl4u4ejd5v7ybn','Id','id','ID','integer',NULL,'0',NULL,NULL,1,NULL,1,0,'int(11)',1,NULL,NULL,NULL,NULL,'integer','','',NULL,NULL,NULL,NULL,NULL,1.0,'2025-02-28 18:04:18+00:00','2025-02-28 18:04:18+00:00',NULL,NULL);
INSERT INTO nc_columns_v2 VALUES('car62y1s8vckygd','bwih6ehr2wq7ed5','p0y5haqnubnnf7q','mwl4u4ejd5v7ybn','Title','title','SingleLineText','varchar',NULL,NULL,'45',NULL,0,1,0,0,'varchar',0,NULL,NULL,NULL,NULL,'specificType','','',NULL,NULL,NULL,NULL,NULL,2.0,'2025-02-28 18:04:18+00:00','2025-02-28 18:04:18+00:00',NULL,NULL);
INSERT INTO nc_columns_v2 VALUES('c7xy6aehdh9ew9l','bwih6ehr2wq7ed5','p0y5haqnubnnf7q','mwl4u4ejd5v7ybn','CreatedAt','created_at','CreatedTime','datetime',NULL,NULL,'45',NULL,0,NULL,0,0,'datetime',0,NULL,NULL,NULL,NULL,'specificType','','',NULL,NULL,NULL,NULL,1,3.0,'2025-02-28 18:04:18+00:00','2025-02-28 18:04:18+00:00',NULL,NULL);
INSERT INTO nc_columns_v2 VALUES('cklotchupb3e5wn','bwih6ehr2wq7ed5','p0y5haqnubnnf7q','mwl4u4ejd5v7ybn','UpdatedAt','updated_at','LastModifiedTime','datetime',NULL,NULL,'45',NULL,0,NULL,0,0,'datetime',0,NULL,NULL,NULL,NULL,'specificType','','',NULL,NULL,NULL,NULL,1,4.0,'2025-02-28 18:04:18+00:00','2025-02-28 18:04:18+00:00',NULL,NULL);
INSERT INTO nc_columns_v2 VALUES('cbody4vlx2yqkc3','bwih6ehr2wq7ed5','p0y5haqnubnnf7q','mwl4u4ejd5v7ybn','nc_created_by','created_by','CreatedBy','varchar',NULL,NULL,NULL,NULL,0,NULL,0,0,NULL,0,NULL,NULL,NULL,NULL,'specificType','',NULL,NULL,NULL,NULL,NULL,1,5.0,'2025-02-28 18:04:18+00:00','2025-02-28 18:04:18+00:00',NULL,NULL);
INSERT INTO nc_columns_v2 VALUES('cp6cnln7yz34c1o','bwih6ehr2wq7ed5','p0y5haqnubnnf7q','mwl4u4ejd5v7ybn','nc_updated_by','updated_by','LastModifiedBy','varchar',NULL,NULL,NULL,NULL,0,NULL,0,0,NULL,0,NULL,NULL,NULL,NULL,'specificType','',NULL,NULL,NULL,NULL,NULL,1,6.0,'2025-02-28 18:04:18+00:00','2025-02-28 18:04:18+00:00',NULL,NULL);
INSERT INTO nc_columns_v2 VALUES('cue987m5rva8sto','bwih6ehr2wq7ed5','p0y5haqnubnnf7q','mwl4u4ejd5v7ybn','nc_order','nc_order','Order','real',NULL,NULL,NULL,NULL,0,NULL,0,0,NULL,0,NULL,NULL,NULL,NULL,'specificType','',' ',NULL,NULL,NULL,NULL,1,7.0,'2025-02-28 18:04:18+00:00','2025-02-28 18:04:18+00:00',NULL,NULL);
CREATE TABLE IF NOT EXISTS "nc_models_v2" (`id` varchar(20) NOT NULL, `source_id` varchar(20), `base_id` varchar(20), `table_name` varchar(255), `title` varchar(255), `type` varchar(255) DEFAULT 'table', `meta` text, `schema` text, `enabled` boolean DEFAULT '1', `mm` boolean DEFAULT '0', `tags` varchar(255), `pinned` boolean, `deleted` boolean, `order` float, `created_at` datetime NOT NULL DEFAULT CURRENT_TIMESTAMP, `updated_at` datetime NOT NULL DEFAULT CURRENT_TIMESTAMP, `description` text, PRIMARY KEY (`id`));
INSERT INTO nc_models_v2 VALUES('m9lk3xg8n92qndj','btiiil63xlf9m7u','p1d4tfs15g8e4en','nc_tz6c___Features','Features','table','{"hasNonDefaultViews":false}',NULL,1,0,NULL,NULL,NULL,1.0,'2025-02-24 18:32:28+00:00','2025-02-24 18:32:28+00:00',NULL);
INSERT INTO nc_models_v2 VALUES('mwl4u4ejd5v7ybn','bwih6ehr2wq7ed5','p0y5haqnubnnf7q','nc_tgy7___Imports','Imports','table','{"hasNonDefaultViews":false}',NULL,1,0,NULL,NULL,NULL,1.0,'2025-02-28 18:04:18+00:00','2025-02-28 18:04:18+00:00','');
CREATE TABLE IF NOT EXISTS "nc_views_v2" (`id` varchar(20) NOT NULL, `source_id` varchar(20), `base_id` varchar(20), `fk_model_id` varchar(20), `title` varchar(255), `type` integer, `is_default` boolean, `show_system_fields` boolean, `lock_type` varchar(255) DEFAULT 'collaborative', `uuid` varchar(255), `password` varchar(255), `show` boolean, `order` float, `created_at` datetime NOT NULL DEFAULT CURRENT_TIMESTAMP, `updated_at` datetime NOT NULL DEFAULT CURRENT_TIMESTAMP, `meta` text, `description` text, `created_by` varchar(20), `owned_by` varchar(20), PRIMARY KEY (`id`));
INSERT INTO nc_views_v2 VALUES('vw718oqt5erynpb1','btiiil63xlf9m7u','p1d4tfs15g8e4en','m9lk3xg8n92qndj','Features',3,1,NULL,'collaborative',NULL,NULL,1,1.0,'2025-02-24 18:32:28+00:00','2025-02-24 18:32:28+00:00','{}',NULL,NULL,NULL);
INSERT INTO nc_views_v2 VALUES('vwzy99rsutktcrlc','bwih6ehr2wq7ed5','p0y5haqnubnnf7q','mwl4u4ejd5v7ybn','Imports',3,1,NULL,'collaborative',NULL,NULL,1,1.0,'2025-02-28 18:04:18+00:00','2025-02-28 18:04:18+00:00','{}',NULL,NULL,NULL);
CREATE TABLE `nc_integrations_store_v2` (`id` varchar(20), `fk_integration_id` varchar(20), `type` varchar(20), `sub_type` varchar(20), `fk_workspace_id` varchar(20), `fk_user_id` varchar(20), `created_at` datetime not null default CURRENT_TIMESTAMP, `updated_at` datetime not null default CURRENT_TIMESTAMP, `slot_0` text, `slot_1` text, `slot_2` text, `slot_3` text, `slot_4` text, `slot_5` integer, `slot_6` integer, `slot_7` integer, `slot_8` integer, `slot_9` integer, primary key (`id`));
CREATE TABLE `nc_col_long_text_v2` (`id` varchar(20), `fk_workspace_id` varchar(20), `base_id` varchar(20), `fk_model_id` varchar(20), `fk_column_id` varchar(20), `fk_integration_id` varchar(20), `model` varchar(255), `prompt` text, `prompt_raw` text, `error` text, `created_at` datetime not null default CURRENT_TIMESTAMP, `updated_at` datetime not null default CURRENT_TIMESTAMP, primary key (`id`));
CREATE TABLE `nc_data_reflection` (`id` varchar(20), `fk_workspace_id` varchar(20), `username` varchar(255), `password` varchar(255), `database` varchar(255), `created_at` datetime not null default CURRENT_TIMESTAMP, `updated_at` datetime not null default CURRENT_TIMESTAMP, primary key (`id`));
CREATE TABLE IF NOT EXISTS "nc_col_button_v2" (`id` varchar(20), `base_id` varchar(20), `type` varchar(255), `label` text, `theme` varchar(255), `color` varchar(255), `icon` varchar(255), `formula` text, `formula_raw` text, `error` varchar(255), `parsed_tree` text, `fk_webhook_id` varchar(20), `fk_column_id` varchar(20), `created_at` datetime NOT NULL DEFAULT CURRENT_TIMESTAMP, `updated_at` datetime NOT NULL DEFAULT CURRENT_TIMESTAMP, `fk_integration_id` varchar(20), `model` varchar(255), `output_column_ids` text, `fk_workspace_id` varchar(20), PRIMARY KEY (`id`));
CREATE TABLE `nc_tz6c___Features` (`id` integer  NOT NULL,`title` varchar  ,`created_at` datetime  ,`updated_at` datetime  ,`created_by` varchar  ,`updated_by` varchar  ,`nc_order` real  , PRIMARY KEY(`id`));
CREATE TABLE `nc_tgy7___Imports` (`id` integer  NOT NULL,`title` varchar  ,`created_at` datetime  ,`updated_at` datetime  ,`created_by` varchar  ,`updated_by` varchar  ,`nc_order` real  , PRIMARY KEY(`id`));
INSERT INTO nc_tgy7___Imports VALUES(1,'ImportSalesforce','2025-02-28 18:04:38+00:00','2025-02-28 18:04:56+00:00','usom776l1a2od7qz','usom776l1a2od7qz',1.0);
INSERT INTO sqlite_sequence VALUES('xc_knex_migrations_lock',1);
INSERT INTO sqlite_sequence VALUES('nc_store',6);
INSERT INTO sqlite_sequence VALUES('xc_knex_migrations',12);
INSERT INTO sqlite_sequence VALUES('xc_knex_migrationsv2_lock',1);
INSERT INTO sqlite_sequence VALUES('xc_knex_migrationsv2',64);
INSERT INTO sqlite_sequence VALUES('nc_api_tokens',0);
CREATE INDEX `nc_store_key_index` on `nc_store` (`key`);
CREATE INDEX `nc_col_relations_v2_fk_column_id_index` on `nc_col_relations_v2` (`fk_column_id`);
CREATE INDEX `nc_col_relations_v2_fk_related_model_id_index` on `nc_col_relations_v2` (`fk_related_model_id`);
CREATE INDEX `nc_col_relations_v2_fk_child_column_id_index` on `nc_col_relations_v2` (`fk_child_column_id`);
CREATE INDEX `nc_col_relations_v2_fk_parent_column_id_index` on `nc_col_relations_v2` (`fk_parent_column_id`);
CREATE INDEX `nc_col_relations_v2_fk_mm_model_id_index` on `nc_col_relations_v2` (`fk_mm_model_id`);
CREATE INDEX `nc_col_relations_v2_fk_mm_child_column_id_index` on `nc_col_relations_v2` (`fk_mm_child_column_id`);
CREATE INDEX `nc_col_relations_v2_fk_mm_parent_column_id_index` on `nc_col_relations_v2` (`fk_mm_parent_column_id`);
CREATE INDEX `nc_col_select_options_v2_fk_column_id_index` on `nc_col_select_options_v2` (`fk_column_id`);
CREATE INDEX `nc_col_lookup_v2_fk_column_id_index` on `nc_col_lookup_v2` (`fk_column_id`);
CREATE INDEX `nc_col_lookup_v2_fk_relation_column_id_index` on `nc_col_lookup_v2` (`fk_relation_column_id`);
CREATE INDEX `nc_col_lookup_v2_fk_lookup_column_id_index` on `nc_col_lookup_v2` (`fk_lookup_column_id`);
CREATE INDEX `nc_col_qrcode_v2_fk_column_id_index` on `nc_col_qrcode_v2` (`fk_column_id`);
CREATE INDEX `nc_col_barcode_v2_fk_column_id_index` on `nc_col_barcode_v2` (`fk_column_id`);
CREATE INDEX `nc_col_formula_v2_fk_column_id_index` on `nc_col_formula_v2` (`fk_column_id`);
CREATE INDEX `nc_col_rollup_v2_fk_column_id_index` on `nc_col_rollup_v2` (`fk_column_id`);
CREATE INDEX `nc_col_rollup_v2_fk_relation_column_id_index` on `nc_col_rollup_v2` (`fk_relation_column_id`);
CREATE INDEX `nc_col_rollup_v2_fk_rollup_column_id_index` on `nc_col_rollup_v2` (`fk_rollup_column_id`);
CREATE INDEX `nc_shared_views_v2_fk_view_id_index` on `nc_shared_views_v2` (`fk_view_id`);
CREATE INDEX `notification_fk_user_id_index` on `notification` (`fk_user_id`);
CREATE INDEX `notification_created_at_index` on `notification` (`created_at`);
CREATE INDEX `nc_user_refresh_tokens_fk_user_id_index` on `nc_user_refresh_tokens` (`fk_user_id`);
CREATE INDEX `nc_user_refresh_tokens_token_index` on `nc_user_refresh_tokens` (`token`);
CREATE INDEX `nc_user_refresh_tokens_expires_at_index` on `nc_user_refresh_tokens` (`expires_at`);
CREATE INDEX `nc_col_relations_v2_fk_target_view_id_index` on `nc_col_relations_v2` (`fk_target_view_id`);
CREATE INDEX `nc_extensions_base_id_index` on `nc_extensions` (`base_id`);
CREATE INDEX `nc_calendar_view_range_v2_base_id_index` on `nc_calendar_view_range_v2` (`base_id`);
CREATE INDEX `nc_col_barcode_v2_base_id_index` on `nc_col_barcode_v2` (`base_id`);
CREATE INDEX `nc_col_formula_v2_base_id_index` on `nc_col_formula_v2` (`base_id`);
CREATE INDEX `nc_col_lookup_v2_base_id_index` on `nc_col_lookup_v2` (`base_id`);
CREATE INDEX `nc_col_qrcode_v2_base_id_index` on `nc_col_qrcode_v2` (`base_id`);
CREATE INDEX `nc_col_relations_v2_base_id_index` on `nc_col_relations_v2` (`base_id`);
CREATE INDEX `nc_col_rollup_v2_base_id_index` on `nc_col_rollup_v2` (`base_id`);
CREATE INDEX `nc_col_select_options_v2_base_id_index` on `nc_col_select_options_v2` (`base_id`);
CREATE INDEX `nc_api_tokens_fk_user_id_index` on `nc_api_tokens` (`fk_user_id`);
CREATE INDEX `nc_audit_v2_row_id_index` on `nc_audit_v2` (`row_id`);
CREATE INDEX `nc_audit_v2_fk_model_id_index` on `nc_audit_v2` (`fk_model_id`);
CREATE INDEX `nc_audit_v2_base_id_index` on `nc_audit_v2` (`base_id`);
CREATE INDEX `nc_comment_reactions_row_id_index` on `nc_comment_reactions` (`row_id`);
CREATE INDEX `nc_comment_reactions_comment_id_index` on `nc_comment_reactions` (`comment_id`);
CREATE INDEX `nc_comment_reactions_base_id_index` on `nc_comment_reactions` (`base_id`);
CREATE INDEX `nc_comments_row_id_fk_model_id_index` on `nc_comments` (`row_id`, `fk_model_id`);
CREATE INDEX `nc_comments_base_id_index` on `nc_comments` (`base_id`);
CREATE INDEX `nc_disabled_models_for_role_v2_fk_view_id_index` on `nc_disabled_models_for_role_v2` (`fk_view_id`);
CREATE INDEX `nc_disabled_models_for_role_v2_base_id_index` on `nc_disabled_models_for_role_v2` (`base_id`);
CREATE INDEX `nc_filter_exp_v2_fk_view_id_index` on `nc_filter_exp_v2` (`fk_view_id`);
CREATE INDEX `nc_filter_exp_v2_fk_hook_id_index` on `nc_filter_exp_v2` (`fk_hook_id`);
CREATE INDEX `nc_filter_exp_v2_fk_column_id_index` on `nc_filter_exp_v2` (`fk_column_id`);
CREATE INDEX `nc_filter_exp_v2_fk_parent_id_index` on `nc_filter_exp_v2` (`fk_parent_id`);
CREATE INDEX `nc_filter_exp_v2_fk_link_col_id_index` on `nc_filter_exp_v2` (`fk_link_col_id`);
CREATE INDEX `nc_filter_exp_v2_fk_value_col_id_index` on `nc_filter_exp_v2` (`fk_value_col_id`);
CREATE INDEX `nc_filter_exp_v2_base_id_index` on `nc_filter_exp_v2` (`base_id`);
CREATE INDEX `nc_form_view_columns_v2_fk_view_id_index` on `nc_form_view_columns_v2` (`fk_view_id`);
CREATE INDEX `nc_form_view_columns_v2_fk_column_id_index` on `nc_form_view_columns_v2` (`fk_column_id`);
CREATE INDEX `nc_form_view_columns_v2_fk_view_id_fk_column_id_index` on `nc_form_view_columns_v2` (`fk_view_id`, `fk_column_id`);
CREATE INDEX `nc_form_view_columns_v2_base_id_index` on `nc_form_view_columns_v2` (`base_id`);
CREATE INDEX `nc_form_view_v2_fk_view_id_index` on `nc_form_view_v2` (`fk_view_id`);
CREATE INDEX `nc_form_view_v2_base_id_index` on `nc_form_view_v2` (`base_id`);
CREATE INDEX `nc_gallery_view_columns_v2_fk_view_id_index` on `nc_gallery_view_columns_v2` (`fk_view_id`);
CREATE INDEX `nc_gallery_view_columns_v2_fk_column_id_index` on `nc_gallery_view_columns_v2` (`fk_column_id`);
CREATE INDEX `nc_gallery_view_columns_v2_fk_view_id_fk_column_id_index` on `nc_gallery_view_columns_v2` (`fk_view_id`, `fk_column_id`);
CREATE INDEX `nc_gallery_view_columns_v2_base_id_index` on `nc_gallery_view_columns_v2` (`base_id`);
CREATE INDEX `nc_gallery_view_v2_fk_view_id_index` on `nc_gallery_view_v2` (`fk_view_id`);
CREATE INDEX `nc_gallery_view_v2_base_id_index` on `nc_gallery_view_v2` (`base_id`);
CREATE INDEX `nc_grid_view_columns_v2_fk_view_id_index` on `nc_grid_view_columns_v2` (`fk_view_id`);
CREATE INDEX `nc_grid_view_columns_v2_fk_column_id_index` on `nc_grid_view_columns_v2` (`fk_column_id`);
CREATE INDEX `nc_grid_view_columns_v2_fk_view_id_fk_column_id_index` on `nc_grid_view_columns_v2` (`fk_view_id`, `fk_column_id`);
CREATE INDEX `nc_grid_view_columns_v2_base_id_index` on `nc_grid_view_columns_v2` (`base_id`);
CREATE INDEX `nc_grid_view_v2_fk_view_id_index` on `nc_grid_view_v2` (`fk_view_id`);
CREATE INDEX `nc_grid_view_v2_base_id_index` on `nc_grid_view_v2` (`base_id`);
CREATE INDEX `nc_hook_logs_v2_base_id_index` on `nc_hook_logs_v2` (`base_id`);
CREATE INDEX `nc_hooks_v2_fk_model_id_index` on `nc_hooks_v2` (`fk_model_id`);
CREATE INDEX `nc_hooks_v2_base_id_index` on `nc_hooks_v2` (`base_id`);
CREATE INDEX `nc_kanban_view_columns_v2_fk_view_id_index` on `nc_kanban_view_columns_v2` (`fk_view_id`);
CREATE INDEX `nc_kanban_view_columns_v2_fk_column_id_index` on `nc_kanban_view_columns_v2` (`fk_column_id`);
CREATE INDEX `nc_kanban_view_columns_v2_fk_view_id_fk_column_id_index` on `nc_kanban_view_columns_v2` (`fk_view_id`, `fk_column_id`);
CREATE INDEX `nc_kanban_view_columns_v2_base_id_index` on `nc_kanban_view_columns_v2` (`base_id`);
CREATE INDEX `nc_kanban_view_v2_fk_view_id_index` on `nc_kanban_view_v2` (`fk_view_id`);
CREATE INDEX `nc_kanban_view_v2_fk_grp_col_id_index` on `nc_kanban_view_v2` (`fk_grp_col_id`);
CREATE INDEX `nc_kanban_view_v2_base_id_index` on `nc_kanban_view_v2` (`base_id`);
CREATE INDEX `nc_map_view_v2_fk_view_id_index` on `nc_map_view_v2` (`fk_view_id`);
CREATE INDEX `nc_map_view_v2_fk_geo_data_col_id_index` on `nc_map_view_v2` (`fk_geo_data_col_id`);
CREATE INDEX `nc_map_view_v2_base_id_index` on `nc_map_view_v2` (`base_id`);
CREATE INDEX `nc_map_view_columns_v2_fk_view_id_index` on `nc_map_view_columns_v2` (`fk_view_id`);
CREATE INDEX `nc_map_view_columns_v2_fk_column_id_index` on `nc_map_view_columns_v2` (`fk_column_id`);
CREATE INDEX `nc_map_view_columns_v2_fk_view_id_fk_column_id_index` on `nc_map_view_columns_v2` (`fk_view_id`, `fk_column_id`);
CREATE INDEX `nc_map_view_columns_v2_base_id_index` on `nc_map_view_columns_v2` (`base_id`);
CREATE INDEX `nc_sort_v2_fk_view_id_index` on `nc_sort_v2` (`fk_view_id`);
CREATE INDEX `nc_sort_v2_fk_column_id_index` on `nc_sort_v2` (`fk_column_id`);
CREATE INDEX `nc_sort_v2_base_id_index` on `nc_sort_v2` (`base_id`);
CREATE INDEX `nc_sources_v2_base_id_index` on `nc_sources_v2` (`base_id`);
CREATE INDEX `nc_sync_logs_v2_base_id_index` on `nc_sync_logs_v2` (`base_id`);
CREATE INDEX `nc_sync_source_v2_base_id_index` on `nc_sync_source_v2` (`base_id`);
CREATE INDEX `user_comments_preference_index` on `nc_user_comment_notifications_preference` (`user_id`, `row_id`, `fk_model_id`);
CREATE INDEX `nc_user_comment_notifications_preference_base_id_index` on `nc_user_comment_notifications_preference` (`base_id`);
CREATE INDEX `nc_calendar_view_v2_base_id_index` on `nc_calendar_view_v2` (`base_id`);
CREATE INDEX `nc_calendar_view_columns_v2_fk_view_id_fk_column_id_index` on `nc_calendar_view_columns_v2` (`fk_view_id`, `fk_column_id`);
CREATE INDEX `nc_calendar_view_columns_v2_base_id_index` on `nc_calendar_view_columns_v2` (`base_id`);
CREATE INDEX `nc_project_users_v2_fk_user_id_index` on "nc_base_users_v2" (`fk_user_id`);
CREATE INDEX `nc_base_users_v2_base_id_index` on `nc_base_users_v2` (`base_id`);
CREATE INDEX `nc_integrations_v2_type_index` on `nc_integrations_v2` (`type`);
CREATE INDEX `nc_integrations_v2_created_by_index` on `nc_integrations_v2` (`created_by`);
CREATE INDEX `nc_sources_v2_fk_integration_id_index` on `nc_sources_v2` (`fk_integration_id`);
CREATE INDEX `nc_base_users_v2_invited_by_index` on `nc_base_users_v2` (`invited_by`);
CREATE INDEX `nc_columns_v2_fk_model_id_index` on `nc_columns_v2` (`fk_model_id`);
CREATE INDEX `nc_columns_v2_base_id_index` on `nc_columns_v2` (`base_id`);
CREATE INDEX `nc_models_v2_base_id_index` on `nc_models_v2` (`base_id`);
CREATE INDEX `nc_views_v2_fk_model_id_index` on `nc_views_v2` (`fk_model_id`);
CREATE INDEX `nc_views_v2_base_id_index` on `nc_views_v2` (`base_id`);
CREATE INDEX `nc_integrations_store_v2_fk_integration_id_index` on `nc_integrations_store_v2` (`fk_integration_id`);
CREATE INDEX `nc_filter_exp_v2_fk_parent_column_id_index` on `nc_filter_exp_v2` (`fk_parent_column_id`);
CREATE INDEX `nc_views_v2_created_by_index` on `nc_views_v2` (`created_by`);
CREATE INDEX `nc_views_v2_owned_by_index` on `nc_views_v2` (`owned_by`);
CREATE INDEX `nc_col_long_text_v2_fk_column_id_index` on `nc_col_long_text_v2` (`fk_column_id`);
CREATE INDEX `nc_fr_context` on `nc_file_references` (`base_id`, `fk_workspace_id`);
CREATE INDEX `nc_col_button_v2_fk_column_id_index` on `nc_col_button_v2` (`fk_column_id`);
CREATE INDEX `nc_col_button_context` on `nc_col_button_v2` (`base_id`, `fk_workspace_id`);
CREATE INDEX `nc_col_long_text_context` on `nc_col_long_text_v2` (`base_id`, `fk_workspace_id`);
CREATE INDEX `nc_data_reflection_fk_workspace_id_index` on `nc_data_reflection` (`fk_workspace_id`);
CREATE INDEX `nc_jobs_context` on `nc_jobs` (`base_id`, `fk_workspace_id`);
CREATE INDEX `nc_users_v2_email_index` on `nc_users_v2` (`email`);
CREATE INDEX `nc_tz6c___Features_order_idx` ON `nc_tz6c___Features` (`nc_order`);
CREATE INDEX `nc_tgy7___Imports_order_idx` ON `nc_tgy7___Imports` (`nc_order`);
COMMIT;
