PRAGMA foreign_keys=OFF;
BEGIN TRANSACTION;
CREATE TABLE `xc_knex_migrations` (`id` integer not null primary key autoincrement, `name` varchar(255), `batch` integer, `migration_time` datetime);
INSERT INTO xc_knex_migrations VALUES(1,'project',1,1740774451770);
INSERT INTO xc_knex_migrations VALUES(2,'m2m',1,1740774451772);
INSERT INTO xc_knex_migrations VALUES(3,'fkn',1,1740774451774);
INSERT INTO xc_knex_migrations VALUES(4,'viewType',1,1740774451775);
INSERT INTO xc_knex_migrations VALUES(5,'viewName',1,1740774451776);
INSERT INTO xc_knex_migrations VALUES(6,'nc_006_alter_nc_shared_views',1,1740774451787);
INSERT INTO xc_knex_migrations VALUES(7,'nc_007_alter_nc_shared_views_1',1,1740774451789);
INSERT INTO xc_knex_migrations VALUES(8,'nc_008_add_nc_shared_bases',1,1740774451790);
INSERT INTO xc_knex_migrations VALUES(9,'nc_009_add_model_order',1,1740774451793);
INSERT INTO xc_knex_migrations VALUES(10,'nc_010_add_parent_title_column',1,1740774451794);
INSERT INTO xc_knex_migrations VALUES(11,'nc_011_remove_old_ses_plugin',1,1740774451794);
INSERT INTO xc_knex_migrations VALUES(12,'nc_012_cloud_cleanup',1,1740774451801);
CREATE TABLE `xc_knex_migrations_lock` (`index` integer not null primary key autoincrement, `is_locked` integer);
INSERT INTO xc_knex_migrations_lock VALUES(1,0);
CREATE TABLE `nc_store` (`id` integer not null primary key autoincrement, "base_id" varchar(255), `db_alias` varchar(255) default 'db', `key` varchar(255), `value` text, `type` varchar(255), `env` varchar(255), `tag` varchar(255), `created_at` datetime, `updated_at` datetime);
INSERT INTO nc_store VALUES(1,NULL,'','NC_DEBUG','{"nc:app":false,"nc:api:rest":false,"nc:api:source":false,"nc:api:gql":false,"nc:api:grpc":false,"nc:migrator":false,"nc:datamapper":false}',NULL,NULL,NULL,NULL,NULL);
INSERT INTO nc_store VALUES(2,NULL,'','NC_PROJECT_COUNT','0',NULL,NULL,NULL,NULL,NULL);
INSERT INTO nc_store VALUES(3,NULL,'db','NC_MIGRATION_JOBS','{"version":"7","stall_check":1740774451598,"locked":false}',NULL,NULL,NULL,'2025-02-28 20:27:33+00:00','2025-02-28 20:27:33+00:00');
INSERT INTO nc_store VALUES(4,NULL,'db','nc_auth_jwt_secret','f110a2b6-611f-4616-a9ee-72c87f4d4a84',NULL,NULL,NULL,'2025-02-28 20:27:33+00:00','2025-02-28 20:27:33+00:00');
INSERT INTO nc_store VALUES(5,NULL,'db','nc_server_id','d27a8a98088463343792ecd647e2746780eb6109d0a5d8654987ae403b05f890',NULL,NULL,NULL,'2025-02-28 20:27:33+00:00','2025-02-28 20:27:33+00:00');
INSERT INTO nc_store VALUES(6,NULL,'db','NC_CONFIG_MAIN','{"version":"0258003"}',NULL,NULL,NULL,'2025-02-28 20:27:33+00:00','2025-02-28 20:27:33+00:00');
CREATE TABLE `nc_shared_bases` (`id` integer not null primary key autoincrement, `project_id` varchar(255), `db_alias` varchar(255), `roles` varchar(255) default 'viewer', `shared_base_id` varchar(255), `enabled` boolean default '1', `password` varchar(255), `created_at` datetime not null default CURRENT_TIMESTAMP, `updated_at` datetime not null default CURRENT_TIMESTAMP);
CREATE TABLE `xc_knex_migrationsv2` (`id` integer not null primary key autoincrement, `name` varchar(255), `batch` integer, `migration_time` datetime);
INSERT INTO xc_knex_migrationsv2 VALUES(1,'nc_011',1,1740774451852);
INSERT INTO xc_knex_migrationsv2 VALUES(2,'nc_012_alter_column_data_types',1,1740774451853);
INSERT INTO xc_knex_migrationsv2 VALUES(3,'nc_013_sync_source',1,1740774451854);
INSERT INTO xc_knex_migrationsv2 VALUES(4,'nc_014_alter_column_data_types',1,1740774451855);
INSERT INTO xc_knex_migrationsv2 VALUES(5,'nc_015_add_meta_col_in_column_table',1,1740774451856);
INSERT INTO xc_knex_migrationsv2 VALUES(6,'nc_016_alter_hooklog_payload_types',1,1740774451856);
INSERT INTO xc_knex_migrationsv2 VALUES(7,'nc_017_add_user_token_version_column',1,1740774451858);
INSERT INTO xc_knex_migrationsv2 VALUES(8,'nc_018_add_meta_in_view',1,1740774451859);
INSERT INTO xc_knex_migrationsv2 VALUES(9,'nc_019_add_meta_in_meta_tables',1,1740774451864);
INSERT INTO xc_knex_migrationsv2 VALUES(10,'nc_020_kanban_view',1,1740774451884);
INSERT INTO xc_knex_migrationsv2 VALUES(11,'nc_021_add_fields_in_token',1,1740774451899);
INSERT INTO xc_knex_migrationsv2 VALUES(12,'nc_022_qr_code_column_type',1,1740774451900);
INSERT INTO xc_knex_migrationsv2 VALUES(13,'nc_023_multiple_source',1,1740774451920);
INSERT INTO xc_knex_migrationsv2 VALUES(14,'nc_024_barcode_column_type',1,1740774451921);
INSERT INTO xc_knex_migrationsv2 VALUES(15,'nc_025_add_row_height',1,1740774451923);
INSERT INTO xc_knex_migrationsv2 VALUES(16,'nc_026_map_view',1,1740774451924);
INSERT INTO xc_knex_migrationsv2 VALUES(17,'nc_027_add_comparison_sub_op',1,1740774451926);
INSERT INTO xc_knex_migrationsv2 VALUES(18,'nc_028_add_enable_scanner_in_form_columns_meta_table',1,1740774451927);
INSERT INTO xc_knex_migrationsv2 VALUES(19,'nc_029_webhook',1,1740774451929);
INSERT INTO xc_knex_migrationsv2 VALUES(20,'nc_030_add_description_field',1,1740774451935);
INSERT INTO xc_knex_migrationsv2 VALUES(21,'nc_031_remove_fk_and_add_idx',1,1740774452438);
INSERT INTO xc_knex_migrationsv2 VALUES(22,'nc_033_add_group_by',1,1740774452442);
INSERT INTO xc_knex_migrationsv2 VALUES(23,'nc_034_erd_filter_and_notification',1,1740774452454);
INSERT INTO xc_knex_migrationsv2 VALUES(24,'nc_035_add_username_to_users',1,1740774452478);
INSERT INTO xc_knex_migrationsv2 VALUES(25,'nc_036_base_deleted',1,1740774452480);
INSERT INTO xc_knex_migrationsv2 VALUES(26,'nc_037_rename_project_and_base',1,1740774452710);
INSERT INTO xc_knex_migrationsv2 VALUES(27,'nc_038_formula_parsed_tree_column',1,1740774452711);
INSERT INTO xc_knex_migrationsv2 VALUES(28,'nc_039_sqlite_alter_column_types',1,1740774452814);
INSERT INTO xc_knex_migrationsv2 VALUES(29,'nc_040_form_view_alter_column_types',1,1740774452834);
INSERT INTO xc_knex_migrationsv2 VALUES(30,'nc_041_calendar_view',1,1740774452835);
INSERT INTO xc_knex_migrationsv2 VALUES(31,'nc_042_user_block',1,1740774452838);
INSERT INTO xc_knex_migrationsv2 VALUES(32,'nc_043_user_refresh_token',1,1740774452847);
INSERT INTO xc_knex_migrationsv2 VALUES(33,'nc_044_view_column_index',1,1740774452852);
INSERT INTO xc_knex_migrationsv2 VALUES(34,'nc_045_extensions',1,1740774452853);
INSERT INTO xc_knex_migrationsv2 VALUES(35,'nc_046_comment_mentions',1,1740774452856);
INSERT INTO xc_knex_migrationsv2 VALUES(36,'nc_047_comment_migration',1,1740774452864);
INSERT INTO xc_knex_migrationsv2 VALUES(37,'nc_048_view_links',1,1740774452871);
INSERT INTO xc_knex_migrationsv2 VALUES(38,'nc_049_clear_notifications',1,1740774452872);
INSERT INTO xc_knex_migrationsv2 VALUES(39,'nc_050_tenant_isolation',1,1740774452928);
INSERT INTO xc_knex_migrationsv2 VALUES(40,'nc_051_source_readonly_columns',1,1740774452932);
INSERT INTO xc_knex_migrationsv2 VALUES(41,'nc_052_field_aggregation',1,1740774452933);
INSERT INTO xc_knex_migrationsv2 VALUES(42,'nc_053_jobs',1,1740774452934);
INSERT INTO xc_knex_migrationsv2 VALUES(43,'nc_054_id_length',1,1740774453184);
INSERT INTO xc_knex_migrationsv2 VALUES(44,'nc_055_junction_pk',1,1740774453193);
INSERT INTO xc_knex_migrationsv2 VALUES(45,'nc_056_integration',1,1740774453199);
INSERT INTO xc_knex_migrationsv2 VALUES(46,'nc_057_file_references',1,1740774453201);
INSERT INTO xc_knex_migrationsv2 VALUES(47,'nc_058_button_colum',1,1740774453202);
INSERT INTO xc_knex_migrationsv2 VALUES(48,'nc_059_invited_by',1,1740774453204);
INSERT INTO xc_knex_migrationsv2 VALUES(49,'nc_060_descriptions',1,1740774453231);
INSERT INTO xc_knex_migrationsv2 VALUES(50,'nc_061_integration_is_default',1,1740774453233);
INSERT INTO xc_knex_migrationsv2 VALUES(51,'nc_062_integration_store',1,1740774453235);
INSERT INTO xc_knex_migrationsv2 VALUES(52,'nc_063_form_field_filter',1,1740774453237);
INSERT INTO xc_knex_migrationsv2 VALUES(53,'nc_064_pg_minimal_dbs',1,1740774453240);
INSERT INTO xc_knex_migrationsv2 VALUES(54,'nc_065_encrypt_flag',1,1740774453244);
INSERT INTO xc_knex_migrationsv2 VALUES(55,'nc_066_ai_button',1,1740774453249);
INSERT INTO xc_knex_migrationsv2 VALUES(56,'nc_067_personal_view',1,1740774453253);
INSERT INTO xc_knex_migrationsv2 VALUES(57,'nc_068_user_delete',1,1740774453257);
INSERT INTO xc_knex_migrationsv2 VALUES(58,'nc_069_ai_prompt',1,1740774453259);
INSERT INTO xc_knex_migrationsv2 VALUES(59,'nc_070_data_reflection',1,1740774453260);
INSERT INTO xc_knex_migrationsv2 VALUES(60,'nc_071_add_meta_in_users',1,1740774453262);
INSERT INTO xc_knex_migrationsv2 VALUES(61,'nc_072_col_button_pk',1,1740774453270);
INSERT INTO xc_knex_migrationsv2 VALUES(62,'nc_073_file_reference_indexes',1,1740774453271);
INSERT INTO xc_knex_migrationsv2 VALUES(63,'nc_074_missing_context_indexes',1,1740774453276);
INSERT INTO xc_knex_migrationsv2 VALUES(64,'nc_075_audit_refactor',1,1740774453286);
CREATE TABLE `xc_knex_migrationsv2_lock` (`index` integer not null primary key autoincrement, `is_locked` integer);
INSERT INTO xc_knex_migrationsv2_lock VALUES(1,0);
CREATE TABLE IF NOT EXISTS "nc_bases_v2" (`id` varchar(128), `title` varchar(255), `prefix` varchar(255), `status` varchar(255), `description` text, `meta` text, `color` varchar(255), `uuid` varchar(255), `password` varchar(255), `roles` varchar(255), `deleted` boolean default '0', `is_meta` boolean, `order` float, `created_at` datetime not null default CURRENT_TIMESTAMP, `updated_at` datetime not null default CURRENT_TIMESTAMP, primary key (`id`));
INSERT INTO nc_bases_v2 VALUES('pldhjccn55awkn1','Getting Started','nc_ner___',NULL,NULL,'{"iconColor":"#36BFFF"}',NULL,NULL,NULL,NULL,0,1,1.0,'2025-02-28 20:28:12+00:00','2025-02-28 20:28:12+00:00');
INSERT INTO nc_bases_v2 VALUES('p14dyo8gbc61e3p','CRM','nc_u08h__',NULL,NULL,'{"iconColor":"#7D26CD"}',NULL,NULL,NULL,NULL,0,1,2.0,'2025-02-28 20:28:22+00:00','2025-02-28 20:28:22+00:00');
CREATE TABLE `nc_orgs_v2` (`id` varchar(20) not null, `title` varchar(255), `created_at` datetime not null default CURRENT_TIMESTAMP, `updated_at` datetime not null default CURRENT_TIMESTAMP, primary key (`id`));
CREATE TABLE `nc_teams_v2` (`id` varchar(20) not null, `title` varchar(255), `org_id` varchar(20), `created_at` datetime not null default CURRENT_TIMESTAMP, `updated_at` datetime not null default CURRENT_TIMESTAMP, foreign key(`org_id`) references `nc_orgs_v2`(`id`), primary key (`id`));
CREATE TABLE `nc_team_users_v2` (`org_id` varchar(20), `user_id` varchar(20), `created_at` datetime not null default CURRENT_TIMESTAMP, `updated_at` datetime not null default CURRENT_TIMESTAMP, foreign key(`org_id`) references `nc_orgs_v2`(`id`), foreign key(`user_id`) references `nc_users_v2`(`id`));
CREATE TABLE `nc_plugins_v2` (`id` varchar(20) not null, `title` varchar(45), `description` text, `active` boolean default '0', `rating` float, `version` varchar(255), `docs` varchar(255), `status` varchar(255) default 'install', `status_details` varchar(255), `logo` varchar(255), `icon` varchar(255), `tags` varchar(255), `category` varchar(255), `input_schema` text, `input` text, `creator` varchar(255), `creator_website` varchar(255), `price` varchar(255), `created_at` datetime not null default CURRENT_TIMESTAMP, `updated_at` datetime not null default CURRENT_TIMESTAMP, primary key (`id`));
INSERT INTO nc_plugins_v2 VALUES('slack','Slack','Slack brings team communication and collaboration into one place so you can get more work done, whether you belong to a large enterprise or a small business. ',0,NULL,'0.0.1',NULL,'install',NULL,'plugins/slack.webp',NULL,'Chat','Chat','{"title":"Configure Slack","array":true,"items":[{"key":"channel","label":"Channel Name","placeholder":"Channel Name","type":"SingleLineText","required":true},{"key":"webhook_url","label":"Webhook URL","placeholder":"Webhook URL","type":"Password","required":true}],"actions":[{"label":"Test","placeholder":"Test","key":"test","actionType":"TEST","type":"Button"},{"label":"Save","placeholder":"Save","key":"save","actionType":"SUBMIT","type":"Button"}],"msgOnInstall":"Successfully installed and Slack is enabled for notification.","msgOnUninstall":""}',NULL,NULL,NULL,NULL,'2025-02-28 20:27:33+00:00','2025-02-28 20:27:33+00:00');
INSERT INTO nc_plugins_v2 VALUES('ms-teams','Microsoft Teams','Microsoft Teams is for everyone · Instantly go from group chat to video call with the touch of a button.',0,NULL,'0.0.1',NULL,'install',NULL,'plugins/teams.ico',NULL,'Chat','Chat','{"title":"Configure Microsoft Teams","array":true,"items":[{"key":"channel","label":"Channel Name","placeholder":"Channel Name","type":"SingleLineText","required":true},{"key":"webhook_url","label":"Webhook URL","placeholder":"Webhook URL","type":"Password","required":true}],"actions":[{"label":"Test","placeholder":"Test","key":"test","actionType":"TEST","type":"Button"},{"label":"Save","placeholder":"Save","key":"save","actionType":"SUBMIT","type":"Button"}],"msgOnInstall":"Successfully installed and Microsoft Teams is enabled for notification.","msgOnUninstall":""}',NULL,NULL,NULL,NULL,'2025-02-28 20:27:33+00:00','2025-02-28 20:27:33+00:00');
INSERT INTO nc_plugins_v2 VALUES('discord','Discord','Discord is the easiest way to talk over voice, video, and text. Talk, chat, hang out, and stay close with your friends and communities.',0,NULL,'0.0.1',NULL,'install',NULL,'plugins/discord.png',NULL,'Chat','Chat','{"title":"Configure Discord","array":true,"items":[{"key":"channel","label":"Channel Name","placeholder":"Channel Name","type":"SingleLineText","required":true},{"key":"webhook_url","label":"Webhook URL","type":"Password","placeholder":"Webhook URL","required":true}],"actions":[{"label":"Test","placeholder":"Test","key":"test","actionType":"TEST","type":"Button"},{"label":"Save","placeholder":"Save","key":"save","actionType":"SUBMIT","type":"Button"}],"msgOnInstall":"Successfully installed and Discord is enabled for notification.","msgOnUninstall":""}',NULL,NULL,NULL,NULL,'2025-02-28 20:27:33+00:00','2025-02-28 20:27:33+00:00');
INSERT INTO nc_plugins_v2 VALUES('twilio-whatsapp','Whatsapp Twilio','With Twilio, unite communications and strengthen customer relationships across your business – from marketing and sales to customer service and operations.',0,NULL,'0.0.1',NULL,'install',NULL,'plugins/whatsapp.png',NULL,'Chat','Twilio','{"title":"Configure Twilio","items":[{"key":"sid","label":"Account SID","placeholder":"Account SID","type":"SingleLineText","required":true},{"key":"token","label":"Auth Token","placeholder":"Auth Token","type":"Password","required":true},{"key":"from","label":"From Phone Number","placeholder":"From Phone Number","type":"SingleLineText","required":true}],"actions":[{"label":"Test","placeholder":"Test","key":"test","actionType":"TEST","type":"Button"},{"label":"Save","placeholder":"Save","key":"save","actionType":"SUBMIT","type":"Button"}],"msgOnInstall":"Successfully installed and Whatsapp Twilio is enabled for notification.","msgOnUninstall":""}',NULL,NULL,NULL,NULL,'2025-02-28 20:27:33+00:00','2025-02-28 20:27:33+00:00');
INSERT INTO nc_plugins_v2 VALUES('twilio','Twilio','With Twilio, unite communications and strengthen customer relationships across your business – from marketing and sales to customer service and operations.',0,NULL,'0.0.1',NULL,'install',NULL,'plugins/twilio.png',NULL,'Chat','Twilio','{"title":"Configure Twilio","items":[{"key":"sid","label":"Account SID","placeholder":"Account SID","type":"SingleLineText","required":true},{"key":"token","label":"Auth Token","placeholder":"Auth Token","type":"Password","required":true},{"key":"from","label":"From Phone Number","placeholder":"From Phone Number","type":"SingleLineText","required":true}],"actions":[{"label":"Test","placeholder":"Test","key":"test","actionType":"TEST","type":"Button"},{"label":"Save","placeholder":"Save","key":"save","actionType":"SUBMIT","type":"Button"}],"msgOnInstall":"Successfully installed and Twilio is enabled for notification.","msgOnUninstall":""}',NULL,NULL,NULL,NULL,'2025-02-28 20:27:33+00:00','2025-02-28 20:27:33+00:00');
INSERT INTO nc_plugins_v2 VALUES('aws-s3','S3','Amazon Simple Storage Service (Amazon S3) is an object storage service that offers industry-leading scalability, data availability, security, and performance.',0,NULL,'0.0.6',NULL,'install',NULL,'plugins/s3.png',NULL,'Storage','Storage','{"title":"Configure Amazon S3","items":[{"key":"bucket","label":"Bucket Name","placeholder":"Bucket Name","type":"SingleLineText","required":true},{"key":"region","label":"Region","placeholder":"Region","type":"SingleLineText","required":true},{"key":"endpoint","label":"Endpoint","placeholder":"Endpoint","type":"SingleLineText","required":false},{"key":"access_key","label":"Access Key","placeholder":"Access Key","type":"SingleLineText","required":false},{"key":"access_secret","label":"Access Secret","placeholder":"Access Secret","type":"Password","required":false},{"key":"acl","label":"Access Control Lists (ACL)","placeholder":"","type":"SingleLineText","required":false},{"key":"force_path_style","label":"Force Path Style","placeholder":"Default set to false","type":"Checkbox","required":false}],"actions":[{"label":"Test","placeholder":"Test","key":"test","actionType":"TEST","type":"Button"},{"label":"Save","placeholder":"Save","key":"save","actionType":"SUBMIT","type":"Button"}],"msgOnInstall":"Successfully configured! Attachments will now be stored in AWS S3.","msgOnUninstall":""}',NULL,NULL,NULL,NULL,'2025-02-28 20:27:33+00:00','2025-02-28 20:27:33+00:00');
INSERT INTO nc_plugins_v2 VALUES('minio','Minio','MinIO is a High Performance Object Storage released under Apache License v2.0. It is API compatible with Amazon S3 cloud storage service.',0,NULL,'0.0.5',NULL,'install',NULL,'plugins/minio.png',NULL,'Storage','Storage','{"title":"Configure Minio","items":[{"key":"endPoint","label":"Minio Endpoint","placeholder":"Minio Endpoint","type":"SingleLineText","required":true,"help_text":"Hostnames can’t include underscores (_) due to DNS standard limitations. Update the hostname if you see an Invalid endpoint error."},{"key":"port","label":"Port","placeholder":"Port","type":"Number","required":true},{"key":"bucket","label":"Bucket Name","placeholder":"Bucket Name","type":"SingleLineText","required":true},{"key":"access_key","label":"Access Key","placeholder":"Access Key","type":"SingleLineText","required":true},{"key":"access_secret","label":"Access Secret","placeholder":"Access Secret","type":"Password","required":true},{"key":"ca","label":"Ca","placeholder":"Ca","type":"LongText"},{"key":"useSSL","label":"Use SSL","placeholder":"Use SSL","type":"Checkbox","required":false}],"actions":[{"label":"Test","placeholder":"Test","key":"test","actionType":"TEST","type":"Button"},{"label":"Save","placeholder":"Save","key":"save","actionType":"SUBMIT","type":"Button"}],"msgOnInstall":"Successfully configured! Attachments will now be stored in Minio.","msgOnUninstall":""}',NULL,NULL,NULL,NULL,'2025-02-28 20:27:33+00:00','2025-02-28 20:27:33+00:00');
INSERT INTO nc_plugins_v2 VALUES('gcs','GCS','Google Cloud Storage is a RESTful online file storage web service for storing and accessing data on Google Cloud Platform infrastructure.',0,NULL,'0.0.4',NULL,'install',NULL,'plugins/gcs.png',NULL,'Storage','Storage','{"title":"Configure Google Cloud Storage","items":[{"key":"bucket","label":"Bucket Name","placeholder":"Bucket Name","type":"SingleLineText","required":true},{"key":"client_email","label":"Client Email","placeholder":"Client Email","type":"SingleLineText","required":true},{"key":"private_key","label":"Private Key","placeholder":"Private Key","type":"Password","required":true},{"key":"project_id","label":"Project ID","placeholder":"Project ID","type":"SingleLineText","required":false},{"key":"uniform_bucket_level_access","label":"Uniform Bucket Level Access","type":"Checkbox","required":false}],"actions":[{"label":"Test","placeholder":"Test","key":"test","actionType":"TEST","type":"Button"},{"label":"Save","placeholder":"Save","key":"save","actionType":"SUBMIT","type":"Button"}],"msgOnInstall":"Successfully configured! Attachments will now be stored in Google Cloud Storage.","msgOnUninstall":""}',NULL,NULL,NULL,NULL,'2025-02-28 20:27:33+00:00','2025-02-28 20:27:33+00:00');
INSERT INTO nc_plugins_v2 VALUES('mattermost','Mattermost','Mattermost brings all your team communication into one place, making it searchable and accessible anywhere.',0,NULL,'0.0.1',NULL,'install',NULL,'plugins/mattermost.png',NULL,'Chat','Chat','{"title":"Configure Mattermost","array":true,"items":[{"key":"channel","label":"Channel Name","placeholder":"Channel Name","type":"SingleLineText","required":true},{"key":"webhook_url","label":"Webhook URL","placeholder":"Webhook URL","type":"Password","required":true}],"actions":[{"label":"Test","placeholder":"Test","key":"test","actionType":"TEST","type":"Button"},{"label":"Save","placeholder":"Save","key":"save","actionType":"SUBMIT","type":"Button"}],"msgOnInstall":"Successfully installed and Mattermost is enabled for notification.","msgOnUninstall":""}',NULL,NULL,NULL,NULL,'2025-02-28 20:27:33+00:00','2025-02-28 20:27:33+00:00');
INSERT INTO nc_plugins_v2 VALUES('spaces','Spaces','Store & deliver vast amounts of content with a simple architecture.',0,NULL,'0.0.2',NULL,'install',NULL,'plugins/spaces.png',NULL,'Storage','Storage','{"title":"DigitalOcean Spaces","items":[{"key":"bucket","label":"Bucket Name","placeholder":"Bucket Name","type":"SingleLineText","required":true},{"key":"region","label":"Region","placeholder":"Region","type":"SingleLineText","required":true},{"key":"access_key","label":"Access Key","placeholder":"Access Key","type":"SingleLineText","required":true},{"key":"access_secret","label":"Access Secret","placeholder":"Access Secret","type":"Password","required":true},{"key":"acl","label":"Access Control Lists (ACL)","placeholder":"Default set to public-read","type":"SingleLineText","required":false}],"actions":[{"label":"Test","placeholder":"Test","key":"test","actionType":"TEST","type":"Button"},{"label":"Save","placeholder":"Save","key":"save","actionType":"SUBMIT","type":"Button"}],"msgOnInstall":"Successfully configured! Attachments will now be stored in DigitalOcean Spaces.","msgOnUninstall":""}',NULL,NULL,NULL,NULL,'2025-02-28 20:27:33+00:00','2025-02-28 20:27:33+00:00');
INSERT INTO nc_plugins_v2 VALUES('backblaze','Backblaze','Backblaze B2 is enterprise-grade, S3 compatible storage that companies around the world use to store and serve data while improving their cloud OpEx vs. Amazon S3 and others.',0,NULL,'0.0.5',NULL,'install',NULL,'plugins/backblaze.jpeg',NULL,'Storage','Storage','{"title":"Configure Backblaze B2","items":[{"key":"bucket","label":"Bucket Name","placeholder":"Bucket Name","type":"SingleLineText","required":true},{"key":"region","label":"Region","placeholder":"e.g. us-west-001","type":"SingleLineText","required":true},{"key":"access_key","label":"Access Key","placeholder":"i.e. keyID in App Keys","type":"SingleLineText","required":true},{"key":"access_secret","label":"Access Secret","placeholder":"i.e. applicationKey in App Keys","type":"Password","required":true},{"key":"acl","label":"Access Control Lists (ACL)","placeholder":"Default set to public-read","type":"SingleLineText","required":false}],"actions":[{"label":"Test","placeholder":"Test","key":"test","actionType":"TEST","type":"Button"},{"label":"Save","placeholder":"Save","key":"save","actionType":"SUBMIT","type":"Button"}],"msgOnInstall":"Successfully configured! Attachments will now be stored in Backblaze B2.","msgOnUninstall":""}',NULL,NULL,NULL,NULL,'2025-02-28 20:27:33+00:00','2025-02-28 20:27:33+00:00');
INSERT INTO nc_plugins_v2 VALUES('vultr','Vultr','Using Vultr Object Storage can give flexibility and cloud storage that allows applications greater flexibility and access worldwide.',0,NULL,'0.0.4',NULL,'install',NULL,'plugins/vultr.png',NULL,'Storage','Storage','{"title":"Configure Vultr Object Storage","items":[{"key":"bucket","label":"Bucket Name","placeholder":"Bucket Name","type":"SingleLineText","required":true},{"key":"hostname","label":"Host Name","placeholder":"e.g.: ewr1.vultrobjects.com","type":"SingleLineText","required":true},{"key":"access_key","label":"Access Key","placeholder":"Access Key","type":"SingleLineText","required":true},{"key":"access_secret","label":"Access Secret","placeholder":"Access Secret","type":"Password","required":true},{"key":"acl","label":"Access Control Lists (ACL)","placeholder":"Default set to public-read","type":"SingleLineText","required":false}],"actions":[{"label":"Test","placeholder":"Test","key":"test","actionType":"TEST","type":"Button"},{"label":"Save","placeholder":"Save","key":"save","actionType":"SUBMIT","type":"Button"}],"msgOnInstall":"Successfully configured! Attachments will now be stored in Vultr Object Storage.","msgOnUninstall":""}',NULL,NULL,NULL,NULL,'2025-02-28 20:27:33+00:00','2025-02-28 20:27:33+00:00');
INSERT INTO nc_plugins_v2 VALUES('ovh','Ovh','Upload your files to a space that you can access via HTTPS using the OpenStack Swift API, or the S3 API. ',0,NULL,'0.0.4',NULL,'install',NULL,'plugins/ovhCloud.png',NULL,'Storage','Storage','{"title":"Configure OvhCloud Object Storage","items":[{"key":"bucket","label":"Bucket Name","placeholder":"Bucket Name","type":"SingleLineText","required":true},{"key":"region","label":"Region","placeholder":"Region","type":"SingleLineText","required":true},{"key":"access_key","label":"Access Key","placeholder":"Access Key","type":"SingleLineText","required":true},{"key":"access_secret","label":"Access Secret","placeholder":"Access Secret","type":"Password","required":true},{"key":"acl","label":"Access Control Lists (ACL)","placeholder":"Default set to public-read","type":"SingleLineText","required":false}],"actions":[{"label":"Test","placeholder":"Test","key":"test","actionType":"TEST","type":"Button"},{"label":"Save","placeholder":"Save","key":"save","actionType":"SUBMIT","type":"Button"}],"msgOnInstall":"Successfully configured! Attachments will now be stored in OvhCloud Object Storage.","msgOnUninstall":""}',NULL,NULL,NULL,NULL,'2025-02-28 20:27:33+00:00','2025-02-28 20:27:33+00:00');
INSERT INTO nc_plugins_v2 VALUES('linode','Linode','S3-compatible Linode Object Storage makes it easy and more affordable to manage unstructured data such as content assets, as well as sophisticated and data-intensive storage challenges around artificial intelligence and machine learning.',0,NULL,'0.0.4',NULL,'install',NULL,'plugins/linode.svg',NULL,'Storage','Storage','{"title":"Configure Linode Object Storage","items":[{"key":"bucket","label":"Bucket Name","placeholder":"Bucket Name","type":"SingleLineText","required":true},{"key":"region","label":"Region","placeholder":"Region","type":"SingleLineText","required":true},{"key":"access_key","label":"Access Key","placeholder":"Access Key","type":"SingleLineText","required":true},{"key":"access_secret","label":"Access Secret","placeholder":"Access Secret","type":"Password","required":true},{"key":"acl","label":"Access Control Lists (ACL)","placeholder":"Default set to public-read","type":"SingleLineText","required":false}],"actions":[{"label":"Test","placeholder":"Test","key":"test","actionType":"TEST","type":"Button"},{"label":"Save","placeholder":"Save","key":"save","actionType":"SUBMIT","type":"Button"}],"msgOnInstall":"Successfully configured! Attachments will now be stored in Linode Object Storage.","msgOnUninstall":""}',NULL,NULL,NULL,NULL,'2025-02-28 20:27:33+00:00','2025-02-28 20:27:33+00:00');
INSERT INTO nc_plugins_v2 VALUES('upcloud','UpCloud',replace('The perfect home for your data. Thanks to the S3-compatible programmable interface,\nyou have a host of options for existing tools and code implementations.\n','\n',char(10)),0,NULL,'0.0.4',NULL,'install',NULL,'plugins/upcloud.png',NULL,'Storage','Storage','{"title":"Configure UpCloud Object Storage","items":[{"key":"bucket","label":"Bucket Name","placeholder":"Bucket Name","type":"SingleLineText","required":true},{"key":"endpoint","label":"Endpoint","placeholder":"Endpoint","type":"SingleLineText","required":true},{"key":"access_key","label":"Access Key","placeholder":"Access Key","type":"SingleLineText","required":true},{"key":"access_secret","label":"Access Secret","placeholder":"Access Secret","type":"Password","required":true},{"key":"acl","label":"Access Control Lists (ACL)","placeholder":"Default set to public-read","type":"SingleLineText","required":false}],"actions":[{"label":"Test","placeholder":"Test","key":"test","actionType":"TEST","type":"Button"},{"label":"Save","placeholder":"Save","key":"save","actionType":"SUBMIT","type":"Button"}],"msgOnInstall":"Successfully configured! Attachments will now be stored in UpCloud Object Storage.","msgOnUninstall":""}',NULL,NULL,NULL,NULL,'2025-02-28 20:27:33+00:00','2025-02-28 20:27:33+00:00');
INSERT INTO nc_plugins_v2 VALUES('smtp','SMTP','SMTP email client',0,NULL,'0.0.4',NULL,'install',NULL,NULL,NULL,'Email','Email','{"title":"Configure Email SMTP","items":[{"key":"from","label":"From address","placeholder":"admin@run.com","type":"SingleLineText","required":true,"help_text":"Successfully configured! Email notifications are now set up using SMTP."},{"key":"host","label":"SMTP server","placeholder":"smtp.run.com","help_text":"Enter outgoing mail server address (SMTP). If you do not have this information available, contact your email service provider","type":"SingleLineText","required":true},{"key":"name","label":"From domain","placeholder":"your-domain.com","type":"SingleLineText","required":true,"help_text":"Specify the domain name that will be used in the ''From'' address (e.g., yourdomain.com). This should match the domain of the From Address."},{"key":"port","label":"SMTP port","placeholder":"Port","type":"SingleLineText","required":true,"help_text":"Enter the port number used by the SMTP server (e.g., 587 for TLS, 465 for SSL, or 25 for non-secure connections)."},{"key":"username","label":"Username","placeholder":"Username","type":"SingleLineText","required":false,"help_text":"Enter the username required to authenticate with the SMTP server. This is usually your email address."},{"key":"password","label":"Password","placeholder":"Password","type":"Password","required":false,"help_text":"Enter the password associated with the SMTP server username. Click the eye icon to view the password as you type"},{"key":"secure","label":"Use secure connection","placeholder":"Secure","type":"Checkbox","required":false,"help_text":"Enable this on if your SMTP server requires a secure connection (SSL/TLS)."},{"key":"ignoreTLS","label":"Ignore TLS errors","placeholder":"Ignore TLS","type":"Checkbox","required":false,"help_text":"Enable this if you want to bypass any TLS errors that may occur during the connection. Only use this if necessary, as it may compromise security."},{"key":"rejectUnauthorized","label":"Reject unauthorized","placeholder":"Reject unauthorized","type":"Checkbox","required":false,"help_text":"Enable this on to reject emails that fail authentication checks, ensuring only authorized emails are sent."}],"actions":[{"label":"Test","key":"test","actionType":"TEST","type":"Button"},{"label":"Save","key":"save","actionType":"SUBMIT","type":"Button"}],"msgOnInstall":"Successfully installed and email notification will use SMTP configuration","msgOnUninstall":"","docs":[]}',NULL,NULL,NULL,NULL,'2025-02-28 20:27:33+00:00','2025-02-28 20:27:33+00:00');
INSERT INTO nc_plugins_v2 VALUES('mailersend','MailerSend','MailerSend email client',0,NULL,'0.0.2',NULL,'install',NULL,'plugins/mailersend.svg',NULL,'Email','Email','{"title":"Configure MailerSend","items":[{"key":"api_key","label":"API key","placeholder":"eg: ***************","type":"Password","required":true},{"key":"from","label":"From","placeholder":"eg: admin@run.com","type":"SingleLineText","required":true},{"key":"from_name","label":"From name","placeholder":"eg: Adam","type":"SingleLineText","required":true}],"actions":[{"label":"Test","key":"test","actionType":"TEST","type":"Button"},{"label":"Save","key":"save","actionType":"SUBMIT","type":"Button"}],"msgOnInstall":"Successfully configured! Email notifications are now set up using MailerSend.","msgOnUninstall":""}',NULL,NULL,NULL,NULL,'2025-02-28 20:27:33+00:00','2025-02-28 20:27:33+00:00');
INSERT INTO nc_plugins_v2 VALUES('scaleway','Scaleway','Scaleway Object Storage is an S3-compatible object store from Scaleway Cloud Platform.',0,NULL,'0.0.4',NULL,'install',NULL,'plugins/scaleway.png',NULL,'Storage','Storage','{"title":"Setup Scaleway","items":[{"key":"bucket","label":"Bucket name","placeholder":"Bucket name","type":"SingleLineText","required":true},{"key":"region","label":"Region of bucket","placeholder":"Region of bucket","type":"SingleLineText","required":true},{"key":"access_key","label":"Access Key","placeholder":"Access Key","type":"SingleLineText","required":true},{"key":"access_secret","label":"Access Secret","placeholder":"Access Secret","type":"Password","required":true},{"key":"acl","label":"Access Control Lists (ACL)","placeholder":"Default set to public-read","type":"SingleLineText","required":false}],"actions":[{"label":"Test","placeholder":"Test","key":"test","actionType":"TEST","type":"Button"},{"label":"Save","placeholder":"Save","key":"save","actionType":"SUBMIT","type":"Button"}],"msgOnInstall":"Successfully configured! Attachments will now be stored in Scaleway Object Storage.","msgOnUninstall":""}',NULL,NULL,NULL,NULL,'2025-02-28 20:27:33+00:00','2025-02-28 20:27:33+00:00');
INSERT INTO nc_plugins_v2 VALUES('ses','SES','Amazon Simple Email Service (SES) is a cost-effective, flexible, and scalable email service that enables developers to send mail from within any application.',0,NULL,'0.0.2',NULL,'install',NULL,'plugins/aws.png',NULL,'Email','Email','{"title":"Configure Amazon Simple Email Service (SES)","items":[{"key":"from","label":"From","placeholder":"From","type":"SingleLineText","required":true},{"key":"region","label":"Region","placeholder":"Region","type":"SingleLineText","required":true},{"key":"access_key","label":"Access Key","placeholder":"Access Key","type":"SingleLineText","required":true},{"key":"access_secret","label":"Access Secret","placeholder":"Access Secret","type":"Password","required":true}],"actions":[{"label":"Test","placeholder":"Test","key":"test","actionType":"TEST","type":"Button"},{"label":"Save","placeholder":"Save","key":"save","actionType":"SUBMIT","type":"Button"}],"msgOnInstall":"Successfully configured! Email notifications are now set up using Amazon SES.","msgOnUninstall":""}',NULL,NULL,NULL,NULL,'2025-02-28 20:27:33+00:00','2025-02-28 20:27:33+00:00');
INSERT INTO nc_plugins_v2 VALUES('cloudflare-r2','Cloudflare R2','Cloudflare R2 is an S3-compatible, zero egress-fee, globally distributed object storage.',0,NULL,'0.0.3',NULL,'install',NULL,'plugins/r2.png',NULL,'Storage','Storage','{"title":"Configure Cloudflare R2 Storage","items":[{"key":"bucket","label":"Bucket Name","placeholder":"Bucket Name","type":"SingleLineText","required":true},{"key":"hostname","label":"Host Name","placeholder":"e.g.: *****.r2.cloudflarestorage.com","type":"SingleLineText","required":true},{"key":"access_key","label":"Access Key","placeholder":"Access Key","type":"SingleLineText","required":true},{"key":"access_secret","label":"Access Secret","placeholder":"Access Secret","type":"Password","required":true}],"actions":[{"label":"Test","placeholder":"Test","key":"test","actionType":"TEST","type":"Button"},{"label":"Save","placeholder":"Save","key":"save","actionType":"SUBMIT","type":"Button"}],"msgOnInstall":"Successfully configured! Attachments will now be stored in Cloudflare R2 Storage.","msgOnUninstall":""}',NULL,NULL,NULL,NULL,'2025-02-28 20:27:33+00:00','2025-02-28 20:27:33+00:00');
CREATE TABLE IF NOT EXISTS "nc_col_relations_v2" (`id` varchar(20) NOT NULL, `ref_db_alias` varchar(255), `type` varchar(255), `virtual` boolean, `db_type` varchar(255), `fk_column_id` varchar(20), `fk_related_model_id` varchar(20), `fk_child_column_id` varchar(20), `fk_parent_column_id` varchar(20), `fk_mm_model_id` varchar(20), `fk_mm_child_column_id` varchar(20), `fk_mm_parent_column_id` varchar(20), `ur` varchar(255), `dr` varchar(255), `fk_index_name` varchar(255), `deleted` boolean, `created_at` datetime NOT NULL DEFAULT CURRENT_TIMESTAMP, `updated_at` datetime NOT NULL DEFAULT CURRENT_TIMESTAMP, `fk_target_view_id` varchar(20), `base_id` varchar(20), PRIMARY KEY (`id`));
CREATE TABLE IF NOT EXISTS "nc_col_select_options_v2" (`id` varchar(20) NOT NULL, `fk_column_id` varchar(20), `title` varchar(255), `color` varchar(255), `order` float, `created_at` datetime NOT NULL DEFAULT CURRENT_TIMESTAMP, `updated_at` datetime NOT NULL DEFAULT CURRENT_TIMESTAMP, `base_id` varchar(20), PRIMARY KEY (`id`));
CREATE TABLE IF NOT EXISTS "nc_col_lookup_v2" (`id` varchar(20) NOT NULL, `fk_column_id` varchar(20), `fk_relation_column_id` varchar(20), `fk_lookup_column_id` varchar(20), `deleted` boolean, `created_at` datetime NOT NULL DEFAULT CURRENT_TIMESTAMP, `updated_at` datetime NOT NULL DEFAULT CURRENT_TIMESTAMP, `base_id` varchar(20), PRIMARY KEY (`id`));
CREATE TABLE IF NOT EXISTS "nc_col_qrcode_v2" (`id` varchar(20) NOT NULL, `fk_column_id` varchar(20), `fk_qr_value_column_id` varchar(20), `deleted` boolean, `order` float, `created_at` datetime NOT NULL DEFAULT CURRENT_TIMESTAMP, `updated_at` datetime NOT NULL DEFAULT CURRENT_TIMESTAMP, `base_id` varchar(20), PRIMARY KEY (`id`));
CREATE TABLE IF NOT EXISTS "nc_col_barcode_v2" (`id` varchar(20) NOT NULL, `fk_column_id` varchar(20), `fk_barcode_value_column_id` varchar(20), `barcode_format` varchar(15), `deleted` boolean, `created_at` datetime NOT NULL DEFAULT CURRENT_TIMESTAMP, `updated_at` datetime NOT NULL DEFAULT CURRENT_TIMESTAMP, `base_id` varchar(20), PRIMARY KEY (`id`));
CREATE TABLE IF NOT EXISTS "nc_col_formula_v2" (`id` varchar(20) NOT NULL, `fk_column_id` varchar(20), `formula` text NOT NULL, `formula_raw` text, `error` text, `deleted` boolean, `order` float, `created_at` datetime NOT NULL DEFAULT CURRENT_TIMESTAMP, `updated_at` datetime NOT NULL DEFAULT CURRENT_TIMESTAMP, `parsed_tree` text, `base_id` varchar(20), PRIMARY KEY (`id`));
CREATE TABLE IF NOT EXISTS "nc_col_rollup_v2" (`id` varchar(20) NOT NULL, `fk_column_id` varchar(20), `fk_relation_column_id` varchar(20), `fk_rollup_column_id` varchar(20), `rollup_function` varchar(255), `deleted` boolean, `created_at` datetime NOT NULL DEFAULT CURRENT_TIMESTAMP, `updated_at` datetime NOT NULL DEFAULT CURRENT_TIMESTAMP, `base_id` varchar(20), PRIMARY KEY (`id`));
CREATE TABLE IF NOT EXISTS "nc_shared_views_v2" (`id` varchar(20) NOT NULL, `fk_view_id` varchar(20), `meta` text, `query_params` text, `view_id` varchar(255), `show_all_fields` boolean, `allow_copy` boolean, `password` varchar(255), `deleted` boolean, `order` float, `created_at` datetime NOT NULL DEFAULT CURRENT_TIMESTAMP, `updated_at` datetime NOT NULL DEFAULT CURRENT_TIMESTAMP, PRIMARY KEY (`id`));
CREATE TABLE `notification` (`id` varchar(20) not null, `type` varchar(40), `body` text, `is_read` boolean default '0', `is_deleted` boolean default '0', `fk_user_id` varchar(20), `created_at` datetime not null default CURRENT_TIMESTAMP, `updated_at` datetime not null default CURRENT_TIMESTAMP, primary key (`id`));
INSERT INTO notification VALUES('ncw0f14cnsj3y42m','app.welcome','{}',0,0,'us51ovqxtqd56kdr','2025-02-28 20:28:13+00:00','2025-02-28 20:28:13+00:00');
CREATE TABLE `nc_calendar_view_range_v2` (`id` varchar(20) not null, `fk_view_id` varchar(20), `fk_to_column_id` varchar(20), `label` varchar(40), `fk_from_column_id` varchar(20), `created_at` datetime not null default CURRENT_TIMESTAMP, `updated_at` datetime not null default CURRENT_TIMESTAMP, `base_id` varchar(20), primary key (`id`));
CREATE TABLE IF NOT EXISTS "nc_users_v2" (`id` varchar(20) NOT NULL, `email` varchar(255), `password` varchar(255), `salt` varchar(255), `invite_token` varchar(255), `invite_token_expires` varchar(255), `reset_password_expires` datetime, `reset_password_token` varchar(255), `email_verification_token` varchar(255), `email_verified` boolean, `roles` varchar(255) DEFAULT 'editor', `created_at` datetime NOT NULL DEFAULT CURRENT_TIMESTAMP, `updated_at` datetime NOT NULL DEFAULT CURRENT_TIMESTAMP, `token_version` varchar(255), `display_name` varchar(255), `user_name` varchar(255), `blocked` boolean DEFAULT '0', `blocked_reason` varchar(255), `deleted_at` datetime, `is_deleted` boolean default '0', `meta` text, PRIMARY KEY (`id`));
INSERT INTO nc_users_v2 VALUES('us51ovqxtqd56kdr','i771468@gmail.com','$2a$10$Kmg1bxqRvPFEZrwrOzsOuuJ8Hi2ldyNkwuN/GpGmhA6eXGYnjf5cm','$2a$10$Kmg1bxqRvPFEZrwrOzsOuu',NULL,NULL,NULL,NULL,'ace188d9-fd9a-4816-bd67-a5997289e6a6',NULL,'org-level-creator,super','2025-02-28 20:28:12+00:00','2025-02-28 20:28:12+00:00','4bf9df6b7bc23b33632ff1fefc030ac5194bbad02eecfde4d00ffce6ddfcf83c9c332e2509d3d59c',NULL,NULL,0,NULL,NULL,0,NULL);
CREATE TABLE `nc_user_refresh_tokens` (`fk_user_id` varchar(20), `token` varchar(255), `meta` text, `expires_at` datetime, `created_at` datetime not null default CURRENT_TIMESTAMP, `updated_at` datetime not null default CURRENT_TIMESTAMP);
INSERT INTO nc_user_refresh_tokens VALUES('us51ovqxtqd56kdr','4e2d15a4be0ece6e64075c308d3719f4bdab438b17008e90a5211d4690810730fbe5f68f086aee30',NULL,1743362893047,'2025-02-28 20:28:13+00:00','2025-02-28 20:28:13+00:00');
CREATE TABLE `nc_extensions` (`id` varchar(20), `base_id` varchar(20), `fk_user_id` varchar(20), `extension_id` varchar(255), `title` varchar(255), `kv_store` text, `meta` text, `order` float, `created_at` datetime not null default CURRENT_TIMESTAMP, `updated_at` datetime not null default CURRENT_TIMESTAMP, primary key (`id`));
CREATE TABLE `nc_jobs` (`id` varchar(20), `job` varchar(255), `status` varchar(20), `result` text, `fk_user_id` varchar(20), `fk_workspace_id` varchar(20), `base_id` varchar(20), `created_at` datetime not null default CURRENT_TIMESTAMP, `updated_at` datetime not null default CURRENT_TIMESTAMP, primary key (`id`));
CREATE TABLE IF NOT EXISTS "nc_api_tokens" (`id` integer PRIMARY KEY AUTOINCREMENT NOT NULL, `base_id` varchar(20), `db_alias` varchar(255), `description` varchar(255), `permissions` text, `token` text, `expiry` varchar(255), `enabled` boolean DEFAULT '1', `created_at` datetime, `updated_at` datetime, `fk_user_id` varchar(20));
CREATE TABLE IF NOT EXISTS "nc_audit_v2" (`id` varchar(20) NOT NULL, `user` varchar(255), `ip` varchar(255), `source_id` varchar(20), `base_id` varchar(20), `fk_model_id` varchar(20), `row_id` varchar(255), `op_type` varchar(255), `op_sub_type` varchar(255), `status` varchar(255), `description` text, `details` text, `created_at` datetime NOT NULL DEFAULT CURRENT_TIMESTAMP, `updated_at` datetime NOT NULL DEFAULT CURRENT_TIMESTAMP, `version` integer default '0', `fk_user_id` varchar(20), `fk_ref_id` varchar(20), `fk_parent_id` varchar(20), `user_agent` text, PRIMARY KEY (`id`));
CREATE TABLE IF NOT EXISTS "nc_comment_reactions" (`id` varchar(20), `row_id` varchar(255), `comment_id` varchar(20), `source_id` varchar(20), `fk_model_id` varchar(20), `base_id` varchar(20), `reaction` varchar(255), `created_by` varchar(255), `created_at` datetime NOT NULL DEFAULT CURRENT_TIMESTAMP, `updated_at` datetime NOT NULL DEFAULT CURRENT_TIMESTAMP, PRIMARY KEY (`id`));
CREATE TABLE IF NOT EXISTS "nc_comments" (`id` varchar(20), `row_id` varchar(255), `comment` text, `created_by` varchar(20), `created_by_email` varchar(255), `resolved_by` varchar(20), `resolved_by_email` varchar(255), `parent_comment_id` varchar(20), `source_id` varchar(20), `base_id` varchar(20), `fk_model_id` varchar(20), `is_deleted` boolean, `created_at` datetime NOT NULL DEFAULT CURRENT_TIMESTAMP, `updated_at` datetime NOT NULL DEFAULT CURRENT_TIMESTAMP, PRIMARY KEY (`id`));
CREATE TABLE IF NOT EXISTS "nc_disabled_models_for_role_v2" (`id` varchar(20) NOT NULL, `source_id` varchar(20), `base_id` varchar(20), `fk_view_id` varchar(20), `role` varchar(45), `disabled` boolean DEFAULT '1', `created_at` datetime NOT NULL DEFAULT CURRENT_TIMESTAMP, `updated_at` datetime NOT NULL DEFAULT CURRENT_TIMESTAMP, PRIMARY KEY (`id`));
CREATE TABLE IF NOT EXISTS "nc_filter_exp_v2" (`id` varchar(20) NOT NULL, `source_id` varchar(20), `base_id` varchar(20), `fk_view_id` varchar(20), `fk_hook_id` varchar(20), `fk_column_id` varchar(20), `fk_parent_id` varchar(20), `logical_op` varchar(255), `comparison_op` varchar(255), `value` text, `is_group` boolean, `order` float, `created_at` datetime NOT NULL DEFAULT CURRENT_TIMESTAMP, `updated_at` datetime NOT NULL DEFAULT CURRENT_TIMESTAMP, `comparison_sub_op` varchar(255), `fk_link_col_id` varchar(20), `fk_value_col_id` varchar(20), `fk_parent_column_id` varchar(20), PRIMARY KEY (`id`));
CREATE TABLE IF NOT EXISTS "nc_form_view_columns_v2" (`id` varchar(20) NOT NULL, `source_id` varchar(20), `base_id` varchar(20), `fk_view_id` varchar(20), `fk_column_id` varchar(20), `uuid` varchar(255), `label` text, `help` text, `description` text, `required` boolean, `show` boolean, `order` float, `created_at` datetime NOT NULL DEFAULT CURRENT_TIMESTAMP, `updated_at` datetime NOT NULL DEFAULT CURRENT_TIMESTAMP, `meta` text, `enable_scanner` boolean, PRIMARY KEY (`id`));
CREATE TABLE IF NOT EXISTS "nc_form_view_v2" (`source_id` varchar(20), `base_id` varchar(20), `fk_view_id` varchar(20), `heading` varchar(255), `subheading` text, `success_msg` text, `redirect_url` text, `redirect_after_secs` varchar(255), `email` varchar(255), `submit_another_form` boolean, `show_blank_form` boolean, `uuid` varchar(255), `banner_image_url` text, `logo_url` text, `created_at` datetime NOT NULL DEFAULT CURRENT_TIMESTAMP, `updated_at` datetime NOT NULL DEFAULT CURRENT_TIMESTAMP, `meta` text, PRIMARY KEY (`fk_view_id`));
CREATE TABLE IF NOT EXISTS "nc_gallery_view_columns_v2" (`id` varchar(20) NOT NULL, `source_id` varchar(20), `base_id` varchar(20), `fk_view_id` varchar(20), `fk_column_id` varchar(20), `uuid` varchar(255), `label` varchar(255), `help` varchar(255), `show` boolean, `order` float, `created_at` datetime NOT NULL DEFAULT CURRENT_TIMESTAMP, `updated_at` datetime NOT NULL DEFAULT CURRENT_TIMESTAMP, PRIMARY KEY (`id`));
CREATE TABLE IF NOT EXISTS "nc_gallery_view_v2" (`source_id` varchar(20), `base_id` varchar(20), `fk_view_id` varchar(20), `next_enabled` boolean, `prev_enabled` boolean, `cover_image_idx` integer, `fk_cover_image_col_id` varchar(20), `cover_image` varchar(255), `restrict_types` varchar(255), `restrict_size` varchar(255), `restrict_number` varchar(255), `public` boolean, `dimensions` varchar(255), `responsive_columns` varchar(255), `created_at` datetime NOT NULL DEFAULT CURRENT_TIMESTAMP, `updated_at` datetime NOT NULL DEFAULT CURRENT_TIMESTAMP, `meta` text, PRIMARY KEY (`fk_view_id`));
CREATE TABLE IF NOT EXISTS "nc_grid_view_columns_v2" (`id` varchar(20) NOT NULL, `fk_view_id` varchar(20), `fk_column_id` varchar(20), `source_id` varchar(20), `base_id` varchar(20), `uuid` varchar(255), `label` varchar(255), `help` varchar(255), `width` varchar(255) DEFAULT '200px', `show` boolean, `order` float, `created_at` datetime NOT NULL DEFAULT CURRENT_TIMESTAMP, `updated_at` datetime NOT NULL DEFAULT CURRENT_TIMESTAMP, `group_by` boolean, `group_by_order` float, `group_by_sort` varchar(255), `aggregation` varchar(30) NULL DEFAULT null, PRIMARY KEY (`id`));
INSERT INTO nc_grid_view_columns_v2 VALUES('nclp322lrqv9n49r','vwyp1q1tcuvg3wag','cjwv5s297i9bzk3','bcwu3sdfbzxpgc4','pldhjccn55awkn1',NULL,NULL,NULL,'200px',1,1.0,'2025-02-28 20:28:13+00:00','2025-02-28 20:28:13+00:00',NULL,NULL,NULL,'none');
INSERT INTO nc_grid_view_columns_v2 VALUES('ncdilgyrxbxjx9kz','vwyp1q1tcuvg3wag','caysmu6jdqb53wg','bcwu3sdfbzxpgc4','pldhjccn55awkn1',NULL,NULL,NULL,'200px',1,2.0,'2025-02-28 20:28:13+00:00','2025-02-28 20:28:13+00:00',NULL,NULL,NULL,'none');
INSERT INTO nc_grid_view_columns_v2 VALUES('ncpdrt77ohrgbm3p','vwyp1q1tcuvg3wag','cm9ax81gay15r40','bcwu3sdfbzxpgc4','pldhjccn55awkn1',NULL,NULL,NULL,'200px',1,3.0,'2025-02-28 20:28:13+00:00','2025-02-28 20:28:13+00:00',NULL,NULL,NULL,'none');
INSERT INTO nc_grid_view_columns_v2 VALUES('nco0brm2d76wi2dp','vwyp1q1tcuvg3wag','cokrz53eenpqjgv','bcwu3sdfbzxpgc4','pldhjccn55awkn1',NULL,NULL,NULL,'200px',1,4.0,'2025-02-28 20:28:13+00:00','2025-02-28 20:28:13+00:00',NULL,NULL,NULL,'none');
INSERT INTO nc_grid_view_columns_v2 VALUES('nc2yeku8hu1v1cjx','vwyp1q1tcuvg3wag','c7xbzreev00fgks','bcwu3sdfbzxpgc4','pldhjccn55awkn1',NULL,NULL,NULL,'200px',1,5.0,'2025-02-28 20:28:13+00:00','2025-02-28 20:28:13+00:00',NULL,NULL,NULL,'none');
INSERT INTO nc_grid_view_columns_v2 VALUES('nczxawajo6yai2rx','vwyp1q1tcuvg3wag','cf2xxylaxm8o1is','bcwu3sdfbzxpgc4','pldhjccn55awkn1',NULL,NULL,NULL,'200px',1,6.0,'2025-02-28 20:28:13+00:00','2025-02-28 20:28:13+00:00',NULL,NULL,NULL,'none');
INSERT INTO nc_grid_view_columns_v2 VALUES('ncrv6gkxixjkn54t','vwyp1q1tcuvg3wag','c5b427wg408xjlt','bcwu3sdfbzxpgc4','pldhjccn55awkn1',NULL,NULL,NULL,'200px',1,7.0,'2025-02-28 20:28:13+00:00','2025-02-28 20:28:13+00:00',NULL,NULL,NULL,'none');
INSERT INTO nc_grid_view_columns_v2 VALUES('ncf8zbh99vl1cdxk','vw2s89t27ibdkh6i','c1yread4uynw1vg','bma6m2773mh98gf','p14dyo8gbc61e3p',NULL,NULL,NULL,'200px',1,1.0,'2025-02-28 20:28:28+00:00','2025-02-28 20:28:28+00:00',NULL,NULL,NULL,'none');
INSERT INTO nc_grid_view_columns_v2 VALUES('ncy9lhxznadae914','vw2s89t27ibdkh6i','c5lxymqxqu6azsj','bma6m2773mh98gf','p14dyo8gbc61e3p',NULL,NULL,NULL,'200px',1,2.0,'2025-02-28 20:28:28+00:00','2025-02-28 20:28:28+00:00',NULL,NULL,NULL,'none');
INSERT INTO nc_grid_view_columns_v2 VALUES('ncxrmqq68i50593i','vw2s89t27ibdkh6i','cpzm7jjp7bzryc6','bma6m2773mh98gf','p14dyo8gbc61e3p',NULL,NULL,NULL,'200px',1,3.0,'2025-02-28 20:28:28+00:00','2025-02-28 20:28:28+00:00',NULL,NULL,NULL,'none');
INSERT INTO nc_grid_view_columns_v2 VALUES('ncezkk8curk0d464','vw2s89t27ibdkh6i','c3yag53l6vnk5ky','bma6m2773mh98gf','p14dyo8gbc61e3p',NULL,NULL,NULL,'200px',1,4.0,'2025-02-28 20:28:28+00:00','2025-02-28 20:28:28+00:00',NULL,NULL,NULL,'none');
INSERT INTO nc_grid_view_columns_v2 VALUES('nci06gea52itri7p','vw2s89t27ibdkh6i','cfksr1wywpjii6v','bma6m2773mh98gf','p14dyo8gbc61e3p',NULL,NULL,NULL,'200px',1,5.0,'2025-02-28 20:28:28+00:00','2025-02-28 20:28:28+00:00',NULL,NULL,NULL,'none');
INSERT INTO nc_grid_view_columns_v2 VALUES('ncva82woz8gu5t2d','vw2s89t27ibdkh6i','cvtfmi3qjwjmy25','bma6m2773mh98gf','p14dyo8gbc61e3p',NULL,NULL,NULL,'200px',1,6.0,'2025-02-28 20:28:28+00:00','2025-02-28 20:28:28+00:00',NULL,NULL,NULL,'none');
INSERT INTO nc_grid_view_columns_v2 VALUES('nco4bkd3pgyddyau','vw2s89t27ibdkh6i','ci11167xqu306wt','bma6m2773mh98gf','p14dyo8gbc61e3p',NULL,NULL,NULL,'200px',1,7.0,'2025-02-28 20:28:28+00:00','2025-02-28 20:28:28+00:00',NULL,NULL,NULL,'none');
INSERT INTO nc_grid_view_columns_v2 VALUES('nctisqzbc5qewrtt','vwm6skdgzylcndno','ci0pyczcddo53rv','bma6m2773mh98gf','p14dyo8gbc61e3p',NULL,NULL,NULL,'200px',1,1.0,'2025-02-28 20:28:40+00:00','2025-02-28 20:28:40+00:00',NULL,NULL,NULL,'none');
INSERT INTO nc_grid_view_columns_v2 VALUES('ncf7am1nl04oxs1j','vwm6skdgzylcndno','cz3ttmenmv1b6ia','bma6m2773mh98gf','p14dyo8gbc61e3p',NULL,NULL,NULL,'200px',1,2.0,'2025-02-28 20:28:40+00:00','2025-02-28 20:28:40+00:00',NULL,NULL,NULL,'none');
INSERT INTO nc_grid_view_columns_v2 VALUES('nc2lo7kt1fmifr24','vwm6skdgzylcndno','cz087ad1w0r8hg4','bma6m2773mh98gf','p14dyo8gbc61e3p',NULL,NULL,NULL,'200px',1,3.0,'2025-02-28 20:28:40+00:00','2025-02-28 20:28:40+00:00',NULL,NULL,NULL,'none');
INSERT INTO nc_grid_view_columns_v2 VALUES('nc7edok560xqzfwc','vwm6skdgzylcndno','cyys85e68ekohy3','bma6m2773mh98gf','p14dyo8gbc61e3p',NULL,NULL,NULL,'200px',1,4.0,'2025-02-28 20:28:40+00:00','2025-02-28 20:28:40+00:00',NULL,NULL,NULL,'none');
INSERT INTO nc_grid_view_columns_v2 VALUES('ncef1q5krsyxgrjs','vwm6skdgzylcndno','czq5xmrsoomvrx4','bma6m2773mh98gf','p14dyo8gbc61e3p',NULL,NULL,NULL,'200px',1,5.0,'2025-02-28 20:28:40+00:00','2025-02-28 20:28:40+00:00',NULL,NULL,NULL,'none');
INSERT INTO nc_grid_view_columns_v2 VALUES('nc2h318d0dd3tn8n','vwm6skdgzylcndno','clu6xkp0yttiddi','bma6m2773mh98gf','p14dyo8gbc61e3p',NULL,NULL,NULL,'200px',1,6.0,'2025-02-28 20:28:40+00:00','2025-02-28 20:28:40+00:00',NULL,NULL,NULL,'none');
INSERT INTO nc_grid_view_columns_v2 VALUES('nca47bqsl583pzwf','vwm6skdgzylcndno','c2xc3s3txit2633','bma6m2773mh98gf','p14dyo8gbc61e3p',NULL,NULL,NULL,'200px',1,7.0,'2025-02-28 20:28:40+00:00','2025-02-28 20:28:40+00:00',NULL,NULL,NULL,'none');
INSERT INTO nc_grid_view_columns_v2 VALUES('ncmqq1dvjdta6rz0','vwo0il68zbtd8m2j','co1ddzfukerbj0t','bma6m2773mh98gf','p14dyo8gbc61e3p',NULL,NULL,NULL,'200px',1,1.0,'2025-02-28 20:28:47+00:00','2025-02-28 20:28:47+00:00',NULL,NULL,NULL,'none');
INSERT INTO nc_grid_view_columns_v2 VALUES('ncxdz1nra4uxjt7e','vwo0il68zbtd8m2j','cowdji277divgba','bma6m2773mh98gf','p14dyo8gbc61e3p',NULL,NULL,NULL,'200px',1,2.0,'2025-02-28 20:28:47+00:00','2025-02-28 20:28:47+00:00',NULL,NULL,NULL,'none');
INSERT INTO nc_grid_view_columns_v2 VALUES('nc0wbyklr3gfh9yc','vwo0il68zbtd8m2j','cji3awqrfk0wbg3','bma6m2773mh98gf','p14dyo8gbc61e3p',NULL,NULL,NULL,'200px',1,3.0,'2025-02-28 20:28:47+00:00','2025-02-28 20:28:47+00:00',NULL,NULL,NULL,'none');
INSERT INTO nc_grid_view_columns_v2 VALUES('ncmbi98o0dbcmcut','vwo0il68zbtd8m2j','cwpp5t2l4sqo5jn','bma6m2773mh98gf','p14dyo8gbc61e3p',NULL,NULL,NULL,'200px',1,4.0,'2025-02-28 20:28:47+00:00','2025-02-28 20:28:47+00:00',NULL,NULL,NULL,'none');
INSERT INTO nc_grid_view_columns_v2 VALUES('ncvdu3ljzztax8je','vwo0il68zbtd8m2j','c15wia6iyz0xxm4','bma6m2773mh98gf','p14dyo8gbc61e3p',NULL,NULL,NULL,'200px',1,5.0,'2025-02-28 20:28:47+00:00','2025-02-28 20:28:47+00:00',NULL,NULL,NULL,'none');
INSERT INTO nc_grid_view_columns_v2 VALUES('ncaw2lgkavo594np','vwo0il68zbtd8m2j','c2i64cyqemo2w9i','bma6m2773mh98gf','p14dyo8gbc61e3p',NULL,NULL,NULL,'200px',1,6.0,'2025-02-28 20:28:47+00:00','2025-02-28 20:28:47+00:00',NULL,NULL,NULL,'none');
INSERT INTO nc_grid_view_columns_v2 VALUES('ncmmklkk5f329jaf','vwo0il68zbtd8m2j','cuvbzw378ckribp','bma6m2773mh98gf','p14dyo8gbc61e3p',NULL,NULL,NULL,'200px',1,7.0,'2025-02-28 20:28:47+00:00','2025-02-28 20:28:47+00:00',NULL,NULL,NULL,'none');
CREATE TABLE IF NOT EXISTS "nc_grid_view_v2" (`fk_view_id` varchar(20), `source_id` varchar(20), `base_id` varchar(20), `uuid` varchar(255), `created_at` datetime NOT NULL DEFAULT CURRENT_TIMESTAMP, `updated_at` datetime NOT NULL DEFAULT CURRENT_TIMESTAMP, `meta` text, `row_height` integer, PRIMARY KEY (`fk_view_id`));
INSERT INTO nc_grid_view_v2 VALUES('vwyp1q1tcuvg3wag','bcwu3sdfbzxpgc4','pldhjccn55awkn1',NULL,'2025-02-28 20:28:12+00:00','2025-02-28 20:28:12+00:00',NULL,NULL);
INSERT INTO nc_grid_view_v2 VALUES('vw2s89t27ibdkh6i','bma6m2773mh98gf','p14dyo8gbc61e3p',NULL,'2025-02-28 20:28:28+00:00','2025-02-28 20:28:28+00:00',NULL,NULL);
INSERT INTO nc_grid_view_v2 VALUES('vwm6skdgzylcndno','bma6m2773mh98gf','p14dyo8gbc61e3p',NULL,'2025-02-28 20:28:40+00:00','2025-02-28 20:28:40+00:00',NULL,NULL);
INSERT INTO nc_grid_view_v2 VALUES('vwo0il68zbtd8m2j','bma6m2773mh98gf','p14dyo8gbc61e3p',NULL,'2025-02-28 20:28:47+00:00','2025-02-28 20:28:47+00:00',NULL,NULL);
CREATE TABLE IF NOT EXISTS "nc_hook_logs_v2" (`id` varchar(20) NOT NULL, `source_id` varchar(20), `base_id` varchar(20), `fk_hook_id` varchar(20), `type` varchar(255), `event` varchar(255), `operation` varchar(255), `test_call` boolean DEFAULT '1', `payload` text, `conditions` text, `notification` text, `error_code` varchar(255), `error_message` varchar(255), `error` text, `execution_time` integer, `response` text, `triggered_by` varchar(255), `created_at` datetime NOT NULL DEFAULT CURRENT_TIMESTAMP, `updated_at` datetime NOT NULL DEFAULT CURRENT_TIMESTAMP, PRIMARY KEY (`id`));
CREATE TABLE IF NOT EXISTS "nc_hooks_v2" (`id` varchar(20) NOT NULL, `source_id` varchar(20), `base_id` varchar(20), `fk_model_id` varchar(20), `title` varchar(255), `description` varchar(255), `env` varchar(255) DEFAULT 'all', `type` varchar(255), `event` varchar(255), `operation` varchar(255), `async` boolean DEFAULT '0', `payload` boolean DEFAULT '1', `url` text, `headers` text, `condition` boolean DEFAULT '0', `notification` text, `retries` integer DEFAULT '0', `retry_interval` integer DEFAULT '60000', `timeout` integer DEFAULT '60000', `active` boolean DEFAULT '1', `created_at` datetime NOT NULL DEFAULT CURRENT_TIMESTAMP, `updated_at` datetime NOT NULL DEFAULT CURRENT_TIMESTAMP, `version` varchar(255), PRIMARY KEY (`id`));
CREATE TABLE IF NOT EXISTS "nc_kanban_view_columns_v2" (`id` varchar(20) NOT NULL, `source_id` varchar(20), `base_id` varchar(20), `fk_view_id` varchar(20), `fk_column_id` varchar(20), `uuid` varchar(255), `label` varchar(255), `help` varchar(255), `show` boolean, `order` float, `created_at` datetime NOT NULL DEFAULT CURRENT_TIMESTAMP, `updated_at` datetime NOT NULL DEFAULT CURRENT_TIMESTAMP, PRIMARY KEY (`id`));
CREATE TABLE IF NOT EXISTS "nc_kanban_view_v2" (`fk_view_id` varchar(20), `source_id` varchar(20), `base_id` varchar(20), `show` boolean, `order` float, `uuid` varchar(255), `title` varchar(255), `public` boolean, `password` varchar(255), `show_all_fields` boolean, `created_at` datetime NOT NULL DEFAULT CURRENT_TIMESTAMP, `updated_at` datetime NOT NULL DEFAULT CURRENT_TIMESTAMP, `fk_grp_col_id` varchar(20), `fk_cover_image_col_id` varchar(20), `meta` text, PRIMARY KEY (`fk_view_id`));
CREATE TABLE IF NOT EXISTS "nc_map_view_v2" (`fk_view_id` varchar(20), `source_id` varchar(20), `base_id` varchar(20), `uuid` varchar(255), `title` varchar(255), `fk_geo_data_col_id` varchar(20), `meta` text, `created_at` datetime, `updated_at` datetime, PRIMARY KEY (`fk_view_id`));
CREATE TABLE IF NOT EXISTS "nc_map_view_columns_v2" (`id` varchar(20) NOT NULL, `base_id` varchar(20), `project_id` varchar(128), `fk_view_id` varchar(20), `fk_column_id` varchar(20), `uuid` varchar(255), `label` varchar(255), `help` varchar(255), `show` boolean, `order` float, `created_at` datetime NOT NULL DEFAULT CURRENT_TIMESTAMP, `updated_at` datetime NOT NULL DEFAULT CURRENT_TIMESTAMP, PRIMARY KEY (`id`));
CREATE TABLE IF NOT EXISTS "nc_sort_v2" (`id` varchar(20) NOT NULL, `source_id` varchar(20), `base_id` varchar(20), `fk_view_id` varchar(20), `fk_column_id` varchar(20), `direction` varchar(255) DEFAULT 'false', `order` float, `created_at` datetime NOT NULL DEFAULT CURRENT_TIMESTAMP, `updated_at` datetime NOT NULL DEFAULT CURRENT_TIMESTAMP, PRIMARY KEY (`id`));
CREATE TABLE IF NOT EXISTS "nc_sources_v2" (`id` varchar(20) NOT NULL, `base_id` varchar(20), `alias` varchar(255), `config` text, `meta` text, `is_meta` boolean, `type` varchar(255), `inflection_column` varchar(255), `inflection_table` varchar(255), `created_at` datetime NOT NULL DEFAULT CURRENT_TIMESTAMP, `updated_at` datetime NOT NULL DEFAULT CURRENT_TIMESTAMP, `enabled` boolean DEFAULT '1', `order` float, `description` varchar(255), `erd_uuid` varchar(255), `deleted` boolean DEFAULT '0', `is_schema_readonly` boolean DEFAULT '0', `is_data_readonly` boolean DEFAULT '0', `fk_integration_id` varchar(20), `is_local` boolean default '0', `is_encrypted` boolean default '0', PRIMARY KEY (`id`));
INSERT INTO nc_sources_v2 VALUES('bcwu3sdfbzxpgc4','pldhjccn55awkn1',NULL,NULL,NULL,1,'sqlite3','camelize','camelize','2025-02-28 20:28:12+00:00','2025-02-28 20:28:12+00:00',1,1.0,NULL,NULL,0,0,0,NULL,0,0);
INSERT INTO nc_sources_v2 VALUES('bma6m2773mh98gf','p14dyo8gbc61e3p',NULL,NULL,NULL,1,'sqlite3','camelize','camelize','2025-02-28 20:28:22+00:00','2025-02-28 20:28:22+00:00',1,1.0,NULL,NULL,0,0,0,NULL,0,0);
CREATE TABLE IF NOT EXISTS "nc_sync_logs_v2" (`id` varchar(20) NOT NULL, `base_id` varchar(20), `fk_sync_source_id` varchar(20), `time_taken` integer, `status` varchar(255), `status_details` text, `created_at` datetime NOT NULL DEFAULT CURRENT_TIMESTAMP, `updated_at` datetime NOT NULL DEFAULT CURRENT_TIMESTAMP, PRIMARY KEY (`id`));
CREATE TABLE IF NOT EXISTS "nc_sync_source_v2" (`id` varchar(20) NOT NULL, `title` varchar(255), `type` varchar(255), `details` text, `deleted` boolean, `enabled` boolean DEFAULT '1', `order` float, `base_id` varchar(20), `fk_user_id` varchar(20), `created_at` datetime NOT NULL DEFAULT CURRENT_TIMESTAMP, `updated_at` datetime NOT NULL DEFAULT CURRENT_TIMESTAMP, `source_id` varchar(20), PRIMARY KEY (`id`));
CREATE TABLE IF NOT EXISTS "nc_user_comment_notifications_preference" (`id` varchar(20), `row_id` varchar(255), `user_id` varchar(20), `fk_model_id` varchar(20), `source_id` varchar(20), `base_id` varchar(20), `preferences` varchar(255), `created_at` datetime NOT NULL DEFAULT CURRENT_TIMESTAMP, `updated_at` datetime NOT NULL DEFAULT CURRENT_TIMESTAMP, PRIMARY KEY (`id`));
CREATE TABLE IF NOT EXISTS "nc_calendar_view_v2" (`fk_view_id` varchar(20), `base_id` varchar(20), `source_id` varchar(20), `title` varchar(255), `fk_cover_image_col_id` varchar(20), `meta` text, `created_at` datetime, `updated_at` datetime, PRIMARY KEY (`fk_view_id`));
CREATE TABLE IF NOT EXISTS "nc_calendar_view_columns_v2" (`id` varchar(20) NOT NULL, `base_id` varchar(20), `source_id` varchar(20), `fk_view_id` varchar(20), `fk_column_id` varchar(20), `show` boolean, `bold` boolean, `underline` boolean, `italic` boolean, `order` float, `created_at` datetime NOT NULL DEFAULT CURRENT_TIMESTAMP, `updated_at` datetime NOT NULL DEFAULT CURRENT_TIMESTAMP, PRIMARY KEY (`id`));
CREATE TABLE IF NOT EXISTS "nc_base_users_v2" (`base_id` varchar(20), `fk_user_id` varchar(20), `roles` text, `starred` boolean, `pinned` boolean, `group` varchar(255), `color` varchar(255), `order` float, `hidden` float, `opened_date` datetime, `created_at` datetime NOT NULL DEFAULT CURRENT_TIMESTAMP, `updated_at` datetime NOT NULL DEFAULT CURRENT_TIMESTAMP, `invited_by` varchar(20), PRIMARY KEY (`base_id`, `fk_user_id`));
INSERT INTO nc_base_users_v2 VALUES('pldhjccn55awkn1','us51ovqxtqd56kdr','owner',NULL,NULL,NULL,NULL,NULL,NULL,NULL,'2025-02-28 20:28:12+00:00','2025-02-28 20:28:12+00:00',NULL);
INSERT INTO nc_base_users_v2 VALUES('p14dyo8gbc61e3p','us51ovqxtqd56kdr','owner',NULL,NULL,NULL,NULL,NULL,NULL,NULL,'2025-02-28 20:28:22+00:00','2025-02-28 20:28:22+00:00',NULL);
CREATE TABLE `nc_integrations_v2` (`id` varchar(20), `title` varchar(128), `config` text, `meta` text, `type` varchar(20), `sub_type` varchar(20), `is_private` boolean default '0', `deleted` boolean default '0', `created_by` varchar(20), `order` float, `created_at` datetime not null default CURRENT_TIMESTAMP, `updated_at` datetime not null default CURRENT_TIMESTAMP, `is_default` boolean default '0', `is_encrypted` boolean default '0', primary key (`id`));
CREATE TABLE `nc_file_references` (`id` varchar(20) not null, `storage` varchar(255), `file_url` text, `file_size` integer, `fk_user_id` varchar(20), `fk_workspace_id` varchar(20), `base_id` varchar(20), `source_id` varchar(20), `fk_model_id` varchar(20), `fk_column_id` varchar(20), `is_external` boolean default '0', `deleted` boolean default '0', `created_at` datetime not null default CURRENT_TIMESTAMP, `updated_at` datetime not null default CURRENT_TIMESTAMP, primary key (`id`));
CREATE TABLE IF NOT EXISTS "nc_columns_v2" (`id` varchar(20) NOT NULL, `source_id` varchar(20), `base_id` varchar(20), `fk_model_id` varchar(20), `title` varchar(255), `column_name` varchar(255), `uidt` varchar(255), `dt` varchar(255), `np` varchar(255), `ns` varchar(255), `clen` varchar(255), `cop` varchar(255), `pk` boolean, `pv` boolean, `rqd` boolean, `un` boolean, `ct` text, `ai` boolean, `unique` boolean, `cdf` text, `cc` text, `csn` varchar(255), `dtx` varchar(255), `dtxp` text, `dtxs` varchar(255), `au` boolean, `validate` text, `virtual` boolean, `deleted` boolean, `system` boolean DEFAULT '0', `order` float, `created_at` datetime NOT NULL DEFAULT CURRENT_TIMESTAMP, `updated_at` datetime NOT NULL DEFAULT CURRENT_TIMESTAMP, `meta` text, `description` text, PRIMARY KEY (`id`));
INSERT INTO nc_columns_v2 VALUES('cjwv5s297i9bzk3','bcwu3sdfbzxpgc4','pldhjccn55awkn1','m3vej6e6f3yl8vp','Id','id','ID','integer',NULL,'0',NULL,NULL,1,NULL,1,0,'int(11)',1,NULL,NULL,NULL,NULL,'integer','','',NULL,NULL,NULL,NULL,NULL,1.0,'2025-02-28 20:28:12+00:00','2025-02-28 20:28:12+00:00',NULL,NULL);
INSERT INTO nc_columns_v2 VALUES('caysmu6jdqb53wg','bcwu3sdfbzxpgc4','pldhjccn55awkn1','m3vej6e6f3yl8vp','Title','title','SingleLineText','varchar',NULL,NULL,'45',NULL,0,1,0,0,'varchar',0,NULL,NULL,NULL,NULL,'specificType','','',NULL,NULL,NULL,NULL,NULL,2.0,'2025-02-28 20:28:12+00:00','2025-02-28 20:28:12+00:00',NULL,NULL);
INSERT INTO nc_columns_v2 VALUES('cm9ax81gay15r40','bcwu3sdfbzxpgc4','pldhjccn55awkn1','m3vej6e6f3yl8vp','CreatedAt','created_at','CreatedTime','datetime',NULL,NULL,'45',NULL,0,NULL,0,0,'datetime',0,NULL,NULL,NULL,NULL,'specificType','','',NULL,NULL,NULL,NULL,1,3.0,'2025-02-28 20:28:12+00:00','2025-02-28 20:28:12+00:00',NULL,NULL);
INSERT INTO nc_columns_v2 VALUES('cokrz53eenpqjgv','bcwu3sdfbzxpgc4','pldhjccn55awkn1','m3vej6e6f3yl8vp','UpdatedAt','updated_at','LastModifiedTime','datetime',NULL,NULL,'45',NULL,0,NULL,0,0,'datetime',0,NULL,NULL,NULL,NULL,'specificType','','',NULL,NULL,NULL,NULL,1,4.0,'2025-02-28 20:28:12+00:00','2025-02-28 20:28:12+00:00',NULL,NULL);
INSERT INTO nc_columns_v2 VALUES('c7xbzreev00fgks','bcwu3sdfbzxpgc4','pldhjccn55awkn1','m3vej6e6f3yl8vp','nc_created_by','created_by','CreatedBy','varchar',NULL,NULL,'45',NULL,0,NULL,0,0,'varchar',0,NULL,NULL,NULL,NULL,'specificType','','',NULL,NULL,NULL,NULL,1,5.0,'2025-02-28 20:28:12+00:00','2025-02-28 20:28:12+00:00',NULL,NULL);
INSERT INTO nc_columns_v2 VALUES('cf2xxylaxm8o1is','bcwu3sdfbzxpgc4','pldhjccn55awkn1','m3vej6e6f3yl8vp','nc_updated_by','updated_by','LastModifiedBy','varchar',NULL,NULL,'45',NULL,0,NULL,0,0,'varchar',0,NULL,NULL,NULL,NULL,'specificType','','',NULL,NULL,NULL,NULL,1,6.0,'2025-02-28 20:28:12+00:00','2025-02-28 20:28:12+00:00',NULL,NULL);
INSERT INTO nc_columns_v2 VALUES('c5b427wg408xjlt','bcwu3sdfbzxpgc4','pldhjccn55awkn1','m3vej6e6f3yl8vp','nc_order','nc_order','Order','real',NULL,NULL,NULL,NULL,0,NULL,0,0,'real',0,NULL,NULL,NULL,NULL,'specificType','','',NULL,NULL,NULL,NULL,1,7.0,'2025-02-28 20:28:12+00:00','2025-02-28 20:28:12+00:00',NULL,NULL);
INSERT INTO nc_columns_v2 VALUES('c1yread4uynw1vg','bma6m2773mh98gf','p14dyo8gbc61e3p','mvc1jb3wnhouwfm','Id','id','ID','integer',NULL,'0',NULL,NULL,1,NULL,1,0,'int(11)',1,NULL,NULL,NULL,NULL,'integer','','',NULL,NULL,NULL,NULL,NULL,1.0,'2025-02-28 20:28:28+00:00','2025-02-28 20:28:28+00:00',NULL,NULL);
INSERT INTO nc_columns_v2 VALUES('c5lxymqxqu6azsj','bma6m2773mh98gf','p14dyo8gbc61e3p','mvc1jb3wnhouwfm','AccountName','AccountName','SingleLineText','varchar',NULL,NULL,'45',NULL,0,1,0,0,'varchar',0,NULL,NULL,NULL,NULL,'specificType','','',NULL,'',NULL,NULL,NULL,2.0,'2025-02-28 20:28:28+00:00','2025-02-28 21:51:28+00:00','{"defaultViewColOrder":2,"defaultViewColVisibility":1}',NULL);
INSERT INTO nc_columns_v2 VALUES('cpzm7jjp7bzryc6','bma6m2773mh98gf','p14dyo8gbc61e3p','mvc1jb3wnhouwfm','CreatedAt','created_at','CreatedTime','datetime',NULL,NULL,'45',NULL,0,NULL,0,0,'datetime',0,NULL,NULL,NULL,NULL,'specificType','','',NULL,NULL,NULL,NULL,1,3.0,'2025-02-28 20:28:28+00:00','2025-02-28 20:28:28+00:00',NULL,NULL);
INSERT INTO nc_columns_v2 VALUES('c3yag53l6vnk5ky','bma6m2773mh98gf','p14dyo8gbc61e3p','mvc1jb3wnhouwfm','UpdatedAt','updated_at','LastModifiedTime','datetime',NULL,NULL,'45',NULL,0,NULL,0,0,'datetime',0,NULL,NULL,NULL,NULL,'specificType','','',NULL,NULL,NULL,NULL,1,4.0,'2025-02-28 20:28:28+00:00','2025-02-28 20:28:28+00:00',NULL,NULL);
INSERT INTO nc_columns_v2 VALUES('cfksr1wywpjii6v','bma6m2773mh98gf','p14dyo8gbc61e3p','mvc1jb3wnhouwfm','nc_created_by','created_by','CreatedBy','varchar',NULL,NULL,NULL,NULL,0,NULL,0,0,NULL,0,NULL,NULL,NULL,NULL,'specificType','',NULL,NULL,NULL,NULL,NULL,1,5.0,'2025-02-28 20:28:28+00:00','2025-02-28 20:28:28+00:00',NULL,NULL);
INSERT INTO nc_columns_v2 VALUES('cvtfmi3qjwjmy25','bma6m2773mh98gf','p14dyo8gbc61e3p','mvc1jb3wnhouwfm','nc_updated_by','updated_by','LastModifiedBy','varchar',NULL,NULL,NULL,NULL,0,NULL,0,0,NULL,0,NULL,NULL,NULL,NULL,'specificType','',NULL,NULL,NULL,NULL,NULL,1,6.0,'2025-02-28 20:28:28+00:00','2025-02-28 20:28:28+00:00',NULL,NULL);
INSERT INTO nc_columns_v2 VALUES('ci11167xqu306wt','bma6m2773mh98gf','p14dyo8gbc61e3p','mvc1jb3wnhouwfm','nc_order','nc_order','Order','real',NULL,NULL,NULL,NULL,0,NULL,0,0,NULL,0,NULL,NULL,NULL,NULL,'specificType','',' ',NULL,NULL,NULL,NULL,1,7.0,'2025-02-28 20:28:28+00:00','2025-02-28 20:28:28+00:00',NULL,NULL);
INSERT INTO nc_columns_v2 VALUES('ci0pyczcddo53rv','bma6m2773mh98gf','p14dyo8gbc61e3p','mum5mmpmpkbnvpd','Id','id','ID','integer',NULL,'0',NULL,NULL,1,NULL,1,0,'int(11)',1,NULL,NULL,NULL,NULL,'integer','','',NULL,NULL,NULL,NULL,NULL,1.0,'2025-02-28 20:28:40+00:00','2025-02-28 20:28:40+00:00',NULL,NULL);
INSERT INTO nc_columns_v2 VALUES('cz3ttmenmv1b6ia','bma6m2773mh98gf','p14dyo8gbc61e3p','mum5mmpmpkbnvpd','Title','title','SingleLineText','varchar',NULL,NULL,'45',NULL,0,1,0,0,'varchar',0,NULL,NULL,NULL,NULL,'specificType','','',NULL,NULL,NULL,NULL,NULL,2.0,'2025-02-28 20:28:40+00:00','2025-02-28 20:28:40+00:00',NULL,NULL);
INSERT INTO nc_columns_v2 VALUES('cz087ad1w0r8hg4','bma6m2773mh98gf','p14dyo8gbc61e3p','mum5mmpmpkbnvpd','CreatedAt','created_at','CreatedTime','datetime',NULL,NULL,'45',NULL,0,NULL,0,0,'datetime',0,NULL,NULL,NULL,NULL,'specificType','','',NULL,NULL,NULL,NULL,1,3.0,'2025-02-28 20:28:40+00:00','2025-02-28 20:28:40+00:00',NULL,NULL);
INSERT INTO nc_columns_v2 VALUES('cyys85e68ekohy3','bma6m2773mh98gf','p14dyo8gbc61e3p','mum5mmpmpkbnvpd','UpdatedAt','updated_at','LastModifiedTime','datetime',NULL,NULL,'45',NULL,0,NULL,0,0,'datetime',0,NULL,NULL,NULL,NULL,'specificType','','',NULL,NULL,NULL,NULL,1,4.0,'2025-02-28 20:28:40+00:00','2025-02-28 20:28:40+00:00',NULL,NULL);
INSERT INTO nc_columns_v2 VALUES('czq5xmrsoomvrx4','bma6m2773mh98gf','p14dyo8gbc61e3p','mum5mmpmpkbnvpd','nc_created_by','created_by','CreatedBy','varchar',NULL,NULL,NULL,NULL,0,NULL,0,0,NULL,0,NULL,NULL,NULL,NULL,'specificType','',NULL,NULL,NULL,NULL,NULL,1,5.0,'2025-02-28 20:28:40+00:00','2025-02-28 20:28:40+00:00',NULL,NULL);
INSERT INTO nc_columns_v2 VALUES('clu6xkp0yttiddi','bma6m2773mh98gf','p14dyo8gbc61e3p','mum5mmpmpkbnvpd','nc_updated_by','updated_by','LastModifiedBy','varchar',NULL,NULL,NULL,NULL,0,NULL,0,0,NULL,0,NULL,NULL,NULL,NULL,'specificType','',NULL,NULL,NULL,NULL,NULL,1,6.0,'2025-02-28 20:28:40+00:00','2025-02-28 20:28:40+00:00',NULL,NULL);
INSERT INTO nc_columns_v2 VALUES('c2xc3s3txit2633','bma6m2773mh98gf','p14dyo8gbc61e3p','mum5mmpmpkbnvpd','nc_order','nc_order','Order','real',NULL,NULL,NULL,NULL,0,NULL,0,0,NULL,0,NULL,NULL,NULL,NULL,'specificType','',' ',NULL,NULL,NULL,NULL,1,7.0,'2025-02-28 20:28:40+00:00','2025-02-28 20:28:40+00:00',NULL,NULL);
INSERT INTO nc_columns_v2 VALUES('co1ddzfukerbj0t','bma6m2773mh98gf','p14dyo8gbc61e3p','mi9g8iuq4jy1fiv','Id','id','ID','integer',NULL,'0',NULL,NULL,1,NULL,1,0,'int(11)',1,NULL,NULL,NULL,NULL,'integer','','',NULL,NULL,NULL,NULL,NULL,1.0,'2025-02-28 20:28:47+00:00','2025-02-28 20:28:47+00:00',NULL,NULL);
INSERT INTO nc_columns_v2 VALUES('cowdji277divgba','bma6m2773mh98gf','p14dyo8gbc61e3p','mi9g8iuq4jy1fiv','Title','title','SingleLineText','varchar',NULL,NULL,'45',NULL,0,1,0,0,'varchar',0,NULL,NULL,NULL,NULL,'specificType','','',NULL,NULL,NULL,NULL,NULL,2.0,'2025-02-28 20:28:47+00:00','2025-02-28 20:28:47+00:00',NULL,NULL);
INSERT INTO nc_columns_v2 VALUES('cji3awqrfk0wbg3','bma6m2773mh98gf','p14dyo8gbc61e3p','mi9g8iuq4jy1fiv','CreatedAt','created_at','CreatedTime','datetime',NULL,NULL,'45',NULL,0,NULL,0,0,'datetime',0,NULL,NULL,NULL,NULL,'specificType','','',NULL,NULL,NULL,NULL,1,3.0,'2025-02-28 20:28:47+00:00','2025-02-28 20:28:47+00:00',NULL,NULL);
INSERT INTO nc_columns_v2 VALUES('cwpp5t2l4sqo5jn','bma6m2773mh98gf','p14dyo8gbc61e3p','mi9g8iuq4jy1fiv','UpdatedAt','updated_at','LastModifiedTime','datetime',NULL,NULL,'45',NULL,0,NULL,0,0,'datetime',0,NULL,NULL,NULL,NULL,'specificType','','',NULL,NULL,NULL,NULL,1,4.0,'2025-02-28 20:28:47+00:00','2025-02-28 20:28:47+00:00',NULL,NULL);
INSERT INTO nc_columns_v2 VALUES('c15wia6iyz0xxm4','bma6m2773mh98gf','p14dyo8gbc61e3p','mi9g8iuq4jy1fiv','nc_created_by','created_by','CreatedBy','varchar',NULL,NULL,NULL,NULL,0,NULL,0,0,NULL,0,NULL,NULL,NULL,NULL,'specificType','',NULL,NULL,NULL,NULL,NULL,1,5.0,'2025-02-28 20:28:47+00:00','2025-02-28 20:28:47+00:00',NULL,NULL);
INSERT INTO nc_columns_v2 VALUES('c2i64cyqemo2w9i','bma6m2773mh98gf','p14dyo8gbc61e3p','mi9g8iuq4jy1fiv','nc_updated_by','updated_by','LastModifiedBy','varchar',NULL,NULL,NULL,NULL,0,NULL,0,0,NULL,0,NULL,NULL,NULL,NULL,'specificType','',NULL,NULL,NULL,NULL,NULL,1,6.0,'2025-02-28 20:28:47+00:00','2025-02-28 20:28:47+00:00',NULL,NULL);
INSERT INTO nc_columns_v2 VALUES('cuvbzw378ckribp','bma6m2773mh98gf','p14dyo8gbc61e3p','mi9g8iuq4jy1fiv','nc_order','nc_order','Order','real',NULL,NULL,NULL,NULL,0,NULL,0,0,NULL,0,NULL,NULL,NULL,NULL,'specificType','',' ',NULL,NULL,NULL,NULL,1,7.0,'2025-02-28 20:28:47+00:00','2025-02-28 20:28:47+00:00',NULL,NULL);
CREATE TABLE IF NOT EXISTS "nc_models_v2" (`id` varchar(20) NOT NULL, `source_id` varchar(20), `base_id` varchar(20), `table_name` varchar(255), `title` varchar(255), `type` varchar(255) DEFAULT 'table', `meta` text, `schema` text, `enabled` boolean DEFAULT '1', `mm` boolean DEFAULT '0', `tags` varchar(255), `pinned` boolean, `deleted` boolean, `order` float, `created_at` datetime NOT NULL DEFAULT CURRENT_TIMESTAMP, `updated_at` datetime NOT NULL DEFAULT CURRENT_TIMESTAMP, `description` text, PRIMARY KEY (`id`));
INSERT INTO nc_models_v2 VALUES('m3vej6e6f3yl8vp','bcwu3sdfbzxpgc4','pldhjccn55awkn1','nc_ner____Features','Features','table','{"hasNonDefaultViews":false}',NULL,1,0,NULL,NULL,NULL,1.0,'2025-02-28 20:28:12+00:00','2025-02-28 21:48:46+00:00',NULL);
INSERT INTO nc_models_v2 VALUES('mvc1jb3wnhouwfm','bma6m2773mh98gf','p14dyo8gbc61e3p','nc_u08h__Accounts','Accounts','table','{"hasNonDefaultViews":false}',NULL,1,0,NULL,NULL,NULL,1.0,'2025-02-28 20:28:28+00:00','2025-02-28 20:30:43+00:00','');
INSERT INTO nc_models_v2 VALUES('mum5mmpmpkbnvpd','bma6m2773mh98gf','p14dyo8gbc61e3p','nc_u08h__Contacts','Contacts','table','{"hasNonDefaultViews":false}',NULL,1,0,NULL,NULL,NULL,2.0,'2025-02-28 20:28:40+00:00','2025-02-28 20:28:40+00:00','');
INSERT INTO nc_models_v2 VALUES('mi9g8iuq4jy1fiv','bma6m2773mh98gf','p14dyo8gbc61e3p','nc_u08h___Table-3','Table-3','table','{"hasNonDefaultViews":false}',NULL,1,0,NULL,NULL,NULL,3.0,'2025-02-28 20:28:47+00:00','2025-02-28 20:28:47+00:00','');
CREATE TABLE IF NOT EXISTS "nc_views_v2" (`id` varchar(20) NOT NULL, `source_id` varchar(20), `base_id` varchar(20), `fk_model_id` varchar(20), `title` varchar(255), `type` integer, `is_default` boolean, `show_system_fields` boolean, `lock_type` varchar(255) DEFAULT 'collaborative', `uuid` varchar(255), `password` varchar(255), `show` boolean, `order` float, `created_at` datetime NOT NULL DEFAULT CURRENT_TIMESTAMP, `updated_at` datetime NOT NULL DEFAULT CURRENT_TIMESTAMP, `meta` text, `description` text, `created_by` varchar(20), `owned_by` varchar(20), PRIMARY KEY (`id`));
INSERT INTO nc_views_v2 VALUES('vwyp1q1tcuvg3wag','bcwu3sdfbzxpgc4','pldhjccn55awkn1','m3vej6e6f3yl8vp','Features',3,1,NULL,'collaborative',NULL,NULL,1,1.0,'2025-02-28 20:28:12+00:00','2025-02-28 20:28:12+00:00','{}',NULL,NULL,NULL);
INSERT INTO nc_views_v2 VALUES('vw2s89t27ibdkh6i','bma6m2773mh98gf','p14dyo8gbc61e3p','mvc1jb3wnhouwfm','Accounts',3,1,NULL,'collaborative',NULL,NULL,1,1.0,'2025-02-28 20:28:28+00:00','2025-02-28 20:30:43+00:00','{}',NULL,NULL,NULL);
INSERT INTO nc_views_v2 VALUES('vwm6skdgzylcndno','bma6m2773mh98gf','p14dyo8gbc61e3p','mum5mmpmpkbnvpd','Contacts',3,1,NULL,'collaborative',NULL,NULL,1,1.0,'2025-02-28 20:28:40+00:00','2025-02-28 20:28:40+00:00','{}',NULL,NULL,NULL);
INSERT INTO nc_views_v2 VALUES('vwo0il68zbtd8m2j','bma6m2773mh98gf','p14dyo8gbc61e3p','mi9g8iuq4jy1fiv','Table-3',3,1,NULL,'collaborative',NULL,NULL,1,1.0,'2025-02-28 20:28:47+00:00','2025-02-28 20:28:47+00:00','{}',NULL,NULL,NULL);
CREATE TABLE `nc_integrations_store_v2` (`id` varchar(20), `fk_integration_id` varchar(20), `type` varchar(20), `sub_type` varchar(20), `fk_workspace_id` varchar(20), `fk_user_id` varchar(20), `created_at` datetime not null default CURRENT_TIMESTAMP, `updated_at` datetime not null default CURRENT_TIMESTAMP, `slot_0` text, `slot_1` text, `slot_2` text, `slot_3` text, `slot_4` text, `slot_5` integer, `slot_6` integer, `slot_7` integer, `slot_8` integer, `slot_9` integer, primary key (`id`));
CREATE TABLE `nc_col_long_text_v2` (`id` varchar(20), `fk_workspace_id` varchar(20), `base_id` varchar(20), `fk_model_id` varchar(20), `fk_column_id` varchar(20), `fk_integration_id` varchar(20), `model` varchar(255), `prompt` text, `prompt_raw` text, `error` text, `created_at` datetime not null default CURRENT_TIMESTAMP, `updated_at` datetime not null default CURRENT_TIMESTAMP, primary key (`id`));
CREATE TABLE `nc_data_reflection` (`id` varchar(20), `fk_workspace_id` varchar(20), `username` varchar(255), `password` varchar(255), `database` varchar(255), `created_at` datetime not null default CURRENT_TIMESTAMP, `updated_at` datetime not null default CURRENT_TIMESTAMP, primary key (`id`));
CREATE TABLE IF NOT EXISTS "nc_col_button_v2" (`id` varchar(20), `base_id` varchar(20), `type` varchar(255), `label` text, `theme` varchar(255), `color` varchar(255), `icon` varchar(255), `formula` text, `formula_raw` text, `error` varchar(255), `parsed_tree` text, `fk_webhook_id` varchar(20), `fk_column_id` varchar(20), `created_at` datetime NOT NULL DEFAULT CURRENT_TIMESTAMP, `updated_at` datetime NOT NULL DEFAULT CURRENT_TIMESTAMP, `fk_integration_id` varchar(20), `model` varchar(255), `output_column_ids` text, `fk_workspace_id` varchar(20), PRIMARY KEY (`id`));
CREATE TABLE `nc_ner____Features` (`id` integer  NOT NULL,`title` varchar  ,`created_at` datetime  ,`updated_at` datetime  ,`created_by` varchar  ,`updated_by` varchar  ,`nc_order` real  , PRIMARY KEY(`id`));
CREATE TABLE IF NOT EXISTS "nc_u08h__Accounts" (`id` integer  NOT NULL,`created_at` datetime  ,`updated_at` datetime  ,`created_by` varchar  ,`updated_by` varchar  ,`nc_order` real  , `AccountName` varchar, PRIMARY KEY(`id`));
CREATE TABLE `nc_u08h__Contacts` (`id` integer  NOT NULL,`title` varchar  ,`created_at` datetime  ,`updated_at` datetime  ,`created_by` varchar  ,`updated_by` varchar  ,`nc_order` real  , PRIMARY KEY(`id`));
CREATE TABLE `nc_u08h___Table-3` (`id` integer  NOT NULL,`title` varchar  ,`created_at` datetime  ,`updated_at` datetime  ,`created_by` varchar  ,`updated_by` varchar  ,`nc_order` real  , PRIMARY KEY(`id`));
INSERT INTO sqlite_sequence VALUES('xc_knex_migrations',12);
INSERT INTO sqlite_sequence VALUES('xc_knex_migrations_lock',1);
INSERT INTO sqlite_sequence VALUES('nc_store',6);
INSERT INTO sqlite_sequence VALUES('xc_knex_migrationsv2',64);
INSERT INTO sqlite_sequence VALUES('xc_knex_migrationsv2_lock',1);
INSERT INTO sqlite_sequence VALUES('xc_knex_migrations_lock',1);
INSERT INTO sqlite_sequence VALUES('nc_store',6);
INSERT INTO sqlite_sequence VALUES('xc_knex_migrations',12);
INSERT INTO sqlite_sequence VALUES('xc_knex_migrationsv2_lock',1);
INSERT INTO sqlite_sequence VALUES('xc_knex_migrationsv2',64);
INSERT INTO sqlite_sequence VALUES('nc_api_tokens',0);
CREATE INDEX `nc_store_key_index` on `nc_store` (`key`);
CREATE INDEX `nc_col_relations_v2_fk_column_id_index` on `nc_col_relations_v2` (`fk_column_id`);
CREATE INDEX `nc_col_relations_v2_fk_related_model_id_index` on `nc_col_relations_v2` (`fk_related_model_id`);
CREATE INDEX `nc_col_relations_v2_fk_child_column_id_index` on `nc_col_relations_v2` (`fk_child_column_id`);
CREATE INDEX `nc_col_relations_v2_fk_parent_column_id_index` on `nc_col_relations_v2` (`fk_parent_column_id`);
CREATE INDEX `nc_col_relations_v2_fk_mm_model_id_index` on `nc_col_relations_v2` (`fk_mm_model_id`);
CREATE INDEX `nc_col_relations_v2_fk_mm_child_column_id_index` on `nc_col_relations_v2` (`fk_mm_child_column_id`);
CREATE INDEX `nc_col_relations_v2_fk_mm_parent_column_id_index` on `nc_col_relations_v2` (`fk_mm_parent_column_id`);
CREATE INDEX `nc_col_select_options_v2_fk_column_id_index` on `nc_col_select_options_v2` (`fk_column_id`);
CREATE INDEX `nc_col_lookup_v2_fk_column_id_index` on `nc_col_lookup_v2` (`fk_column_id`);
CREATE INDEX `nc_col_lookup_v2_fk_relation_column_id_index` on `nc_col_lookup_v2` (`fk_relation_column_id`);
CREATE INDEX `nc_col_lookup_v2_fk_lookup_column_id_index` on `nc_col_lookup_v2` (`fk_lookup_column_id`);
CREATE INDEX `nc_col_qrcode_v2_fk_column_id_index` on `nc_col_qrcode_v2` (`fk_column_id`);
CREATE INDEX `nc_col_barcode_v2_fk_column_id_index` on `nc_col_barcode_v2` (`fk_column_id`);
CREATE INDEX `nc_col_formula_v2_fk_column_id_index` on `nc_col_formula_v2` (`fk_column_id`);
CREATE INDEX `nc_col_rollup_v2_fk_column_id_index` on `nc_col_rollup_v2` (`fk_column_id`);
CREATE INDEX `nc_col_rollup_v2_fk_relation_column_id_index` on `nc_col_rollup_v2` (`fk_relation_column_id`);
CREATE INDEX `nc_col_rollup_v2_fk_rollup_column_id_index` on `nc_col_rollup_v2` (`fk_rollup_column_id`);
CREATE INDEX `nc_shared_views_v2_fk_view_id_index` on `nc_shared_views_v2` (`fk_view_id`);
CREATE INDEX `notification_fk_user_id_index` on `notification` (`fk_user_id`);
CREATE INDEX `notification_created_at_index` on `notification` (`created_at`);
CREATE INDEX `nc_user_refresh_tokens_fk_user_id_index` on `nc_user_refresh_tokens` (`fk_user_id`);
CREATE INDEX `nc_user_refresh_tokens_token_index` on `nc_user_refresh_tokens` (`token`);
CREATE INDEX `nc_user_refresh_tokens_expires_at_index` on `nc_user_refresh_tokens` (`expires_at`);
CREATE INDEX `nc_col_relations_v2_fk_target_view_id_index` on `nc_col_relations_v2` (`fk_target_view_id`);
CREATE INDEX `nc_extensions_base_id_index` on `nc_extensions` (`base_id`);
CREATE INDEX `nc_calendar_view_range_v2_base_id_index` on `nc_calendar_view_range_v2` (`base_id`);
CREATE INDEX `nc_col_barcode_v2_base_id_index` on `nc_col_barcode_v2` (`base_id`);
CREATE INDEX `nc_col_formula_v2_base_id_index` on `nc_col_formula_v2` (`base_id`);
CREATE INDEX `nc_col_lookup_v2_base_id_index` on `nc_col_lookup_v2` (`base_id`);
CREATE INDEX `nc_col_qrcode_v2_base_id_index` on `nc_col_qrcode_v2` (`base_id`);
CREATE INDEX `nc_col_relations_v2_base_id_index` on `nc_col_relations_v2` (`base_id`);
CREATE INDEX `nc_col_rollup_v2_base_id_index` on `nc_col_rollup_v2` (`base_id`);
CREATE INDEX `nc_col_select_options_v2_base_id_index` on `nc_col_select_options_v2` (`base_id`);
CREATE INDEX `nc_api_tokens_fk_user_id_index` on `nc_api_tokens` (`fk_user_id`);
CREATE INDEX `nc_audit_v2_row_id_index` on `nc_audit_v2` (`row_id`);
CREATE INDEX `nc_audit_v2_fk_model_id_index` on `nc_audit_v2` (`fk_model_id`);
CREATE INDEX `nc_audit_v2_base_id_index` on `nc_audit_v2` (`base_id`);
CREATE INDEX `nc_comment_reactions_row_id_index` on `nc_comment_reactions` (`row_id`);
CREATE INDEX `nc_comment_reactions_comment_id_index` on `nc_comment_reactions` (`comment_id`);
CREATE INDEX `nc_comment_reactions_base_id_index` on `nc_comment_reactions` (`base_id`);
CREATE INDEX `nc_comments_row_id_fk_model_id_index` on `nc_comments` (`row_id`, `fk_model_id`);
CREATE INDEX `nc_comments_base_id_index` on `nc_comments` (`base_id`);
CREATE INDEX `nc_disabled_models_for_role_v2_fk_view_id_index` on `nc_disabled_models_for_role_v2` (`fk_view_id`);
CREATE INDEX `nc_disabled_models_for_role_v2_base_id_index` on `nc_disabled_models_for_role_v2` (`base_id`);
CREATE INDEX `nc_filter_exp_v2_fk_view_id_index` on `nc_filter_exp_v2` (`fk_view_id`);
CREATE INDEX `nc_filter_exp_v2_fk_hook_id_index` on `nc_filter_exp_v2` (`fk_hook_id`);
CREATE INDEX `nc_filter_exp_v2_fk_column_id_index` on `nc_filter_exp_v2` (`fk_column_id`);
CREATE INDEX `nc_filter_exp_v2_fk_parent_id_index` on `nc_filter_exp_v2` (`fk_parent_id`);
CREATE INDEX `nc_filter_exp_v2_fk_link_col_id_index` on `nc_filter_exp_v2` (`fk_link_col_id`);
CREATE INDEX `nc_filter_exp_v2_fk_value_col_id_index` on `nc_filter_exp_v2` (`fk_value_col_id`);
CREATE INDEX `nc_filter_exp_v2_base_id_index` on `nc_filter_exp_v2` (`base_id`);
CREATE INDEX `nc_form_view_columns_v2_fk_view_id_index` on `nc_form_view_columns_v2` (`fk_view_id`);
CREATE INDEX `nc_form_view_columns_v2_fk_column_id_index` on `nc_form_view_columns_v2` (`fk_column_id`);
CREATE INDEX `nc_form_view_columns_v2_fk_view_id_fk_column_id_index` on `nc_form_view_columns_v2` (`fk_view_id`, `fk_column_id`);
CREATE INDEX `nc_form_view_columns_v2_base_id_index` on `nc_form_view_columns_v2` (`base_id`);
CREATE INDEX `nc_form_view_v2_fk_view_id_index` on `nc_form_view_v2` (`fk_view_id`);
CREATE INDEX `nc_form_view_v2_base_id_index` on `nc_form_view_v2` (`base_id`);
CREATE INDEX `nc_gallery_view_columns_v2_fk_view_id_index` on `nc_gallery_view_columns_v2` (`fk_view_id`);
CREATE INDEX `nc_gallery_view_columns_v2_fk_column_id_index` on `nc_gallery_view_columns_v2` (`fk_column_id`);
CREATE INDEX `nc_gallery_view_columns_v2_fk_view_id_fk_column_id_index` on `nc_gallery_view_columns_v2` (`fk_view_id`, `fk_column_id`);
CREATE INDEX `nc_gallery_view_columns_v2_base_id_index` on `nc_gallery_view_columns_v2` (`base_id`);
CREATE INDEX `nc_gallery_view_v2_fk_view_id_index` on `nc_gallery_view_v2` (`fk_view_id`);
CREATE INDEX `nc_gallery_view_v2_base_id_index` on `nc_gallery_view_v2` (`base_id`);
CREATE INDEX `nc_grid_view_columns_v2_fk_view_id_index` on `nc_grid_view_columns_v2` (`fk_view_id`);
CREATE INDEX `nc_grid_view_columns_v2_fk_column_id_index` on `nc_grid_view_columns_v2` (`fk_column_id`);
CREATE INDEX `nc_grid_view_columns_v2_fk_view_id_fk_column_id_index` on `nc_grid_view_columns_v2` (`fk_view_id`, `fk_column_id`);
CREATE INDEX `nc_grid_view_columns_v2_base_id_index` on `nc_grid_view_columns_v2` (`base_id`);
CREATE INDEX `nc_grid_view_v2_fk_view_id_index` on `nc_grid_view_v2` (`fk_view_id`);
CREATE INDEX `nc_grid_view_v2_base_id_index` on `nc_grid_view_v2` (`base_id`);
CREATE INDEX `nc_hook_logs_v2_base_id_index` on `nc_hook_logs_v2` (`base_id`);
CREATE INDEX `nc_hooks_v2_fk_model_id_index` on `nc_hooks_v2` (`fk_model_id`);
CREATE INDEX `nc_hooks_v2_base_id_index` on `nc_hooks_v2` (`base_id`);
CREATE INDEX `nc_kanban_view_columns_v2_fk_view_id_index` on `nc_kanban_view_columns_v2` (`fk_view_id`);
CREATE INDEX `nc_kanban_view_columns_v2_fk_column_id_index` on `nc_kanban_view_columns_v2` (`fk_column_id`);
CREATE INDEX `nc_kanban_view_columns_v2_fk_view_id_fk_column_id_index` on `nc_kanban_view_columns_v2` (`fk_view_id`, `fk_column_id`);
CREATE INDEX `nc_kanban_view_columns_v2_base_id_index` on `nc_kanban_view_columns_v2` (`base_id`);
CREATE INDEX `nc_kanban_view_v2_fk_view_id_index` on `nc_kanban_view_v2` (`fk_view_id`);
CREATE INDEX `nc_kanban_view_v2_fk_grp_col_id_index` on `nc_kanban_view_v2` (`fk_grp_col_id`);
CREATE INDEX `nc_kanban_view_v2_base_id_index` on `nc_kanban_view_v2` (`base_id`);
CREATE INDEX `nc_map_view_v2_fk_view_id_index` on `nc_map_view_v2` (`fk_view_id`);
CREATE INDEX `nc_map_view_v2_fk_geo_data_col_id_index` on `nc_map_view_v2` (`fk_geo_data_col_id`);
CREATE INDEX `nc_map_view_v2_base_id_index` on `nc_map_view_v2` (`base_id`);
CREATE INDEX `nc_map_view_columns_v2_fk_view_id_index` on `nc_map_view_columns_v2` (`fk_view_id`);
CREATE INDEX `nc_map_view_columns_v2_fk_column_id_index` on `nc_map_view_columns_v2` (`fk_column_id`);
CREATE INDEX `nc_map_view_columns_v2_fk_view_id_fk_column_id_index` on `nc_map_view_columns_v2` (`fk_view_id`, `fk_column_id`);
CREATE INDEX `nc_map_view_columns_v2_base_id_index` on `nc_map_view_columns_v2` (`base_id`);
CREATE INDEX `nc_sort_v2_fk_view_id_index` on `nc_sort_v2` (`fk_view_id`);
CREATE INDEX `nc_sort_v2_fk_column_id_index` on `nc_sort_v2` (`fk_column_id`);
CREATE INDEX `nc_sort_v2_base_id_index` on `nc_sort_v2` (`base_id`);
CREATE INDEX `nc_sources_v2_base_id_index` on `nc_sources_v2` (`base_id`);
CREATE INDEX `nc_sync_logs_v2_base_id_index` on `nc_sync_logs_v2` (`base_id`);
CREATE INDEX `nc_sync_source_v2_base_id_index` on `nc_sync_source_v2` (`base_id`);
CREATE INDEX `user_comments_preference_index` on `nc_user_comment_notifications_preference` (`user_id`, `row_id`, `fk_model_id`);
CREATE INDEX `nc_user_comment_notifications_preference_base_id_index` on `nc_user_comment_notifications_preference` (`base_id`);
CREATE INDEX `nc_calendar_view_v2_base_id_index` on `nc_calendar_view_v2` (`base_id`);
CREATE INDEX `nc_calendar_view_columns_v2_fk_view_id_fk_column_id_index` on `nc_calendar_view_columns_v2` (`fk_view_id`, `fk_column_id`);
CREATE INDEX `nc_calendar_view_columns_v2_base_id_index` on `nc_calendar_view_columns_v2` (`base_id`);
CREATE INDEX `nc_project_users_v2_fk_user_id_index` on "nc_base_users_v2" (`fk_user_id`);
CREATE INDEX `nc_base_users_v2_base_id_index` on `nc_base_users_v2` (`base_id`);
CREATE INDEX `nc_integrations_v2_type_index` on `nc_integrations_v2` (`type`);
CREATE INDEX `nc_integrations_v2_created_by_index` on `nc_integrations_v2` (`created_by`);
CREATE INDEX `nc_sources_v2_fk_integration_id_index` on `nc_sources_v2` (`fk_integration_id`);
CREATE INDEX `nc_base_users_v2_invited_by_index` on `nc_base_users_v2` (`invited_by`);
CREATE INDEX `nc_columns_v2_fk_model_id_index` on `nc_columns_v2` (`fk_model_id`);
CREATE INDEX `nc_columns_v2_base_id_index` on `nc_columns_v2` (`base_id`);
CREATE INDEX `nc_models_v2_base_id_index` on `nc_models_v2` (`base_id`);
CREATE INDEX `nc_views_v2_fk_model_id_index` on `nc_views_v2` (`fk_model_id`);
CREATE INDEX `nc_views_v2_base_id_index` on `nc_views_v2` (`base_id`);
CREATE INDEX `nc_integrations_store_v2_fk_integration_id_index` on `nc_integrations_store_v2` (`fk_integration_id`);
CREATE INDEX `nc_filter_exp_v2_fk_parent_column_id_index` on `nc_filter_exp_v2` (`fk_parent_column_id`);
CREATE INDEX `nc_views_v2_created_by_index` on `nc_views_v2` (`created_by`);
CREATE INDEX `nc_views_v2_owned_by_index` on `nc_views_v2` (`owned_by`);
CREATE INDEX `nc_col_long_text_v2_fk_column_id_index` on `nc_col_long_text_v2` (`fk_column_id`);
CREATE INDEX `nc_fr_context` on `nc_file_references` (`base_id`, `fk_workspace_id`);
CREATE INDEX `nc_col_button_v2_fk_column_id_index` on `nc_col_button_v2` (`fk_column_id`);
CREATE INDEX `nc_col_button_context` on `nc_col_button_v2` (`base_id`, `fk_workspace_id`);
CREATE INDEX `nc_col_long_text_context` on `nc_col_long_text_v2` (`base_id`, `fk_workspace_id`);
CREATE INDEX `nc_data_reflection_fk_workspace_id_index` on `nc_data_reflection` (`fk_workspace_id`);
CREATE INDEX `nc_jobs_context` on `nc_jobs` (`base_id`, `fk_workspace_id`);
CREATE INDEX `nc_users_v2_email_index` on `nc_users_v2` (`email`);
CREATE INDEX `nc_ner____Features_order_idx` ON `nc_ner____Features` (`nc_order`);
CREATE INDEX `nc_u08h___Table-1_order_idx` ON "nc_u08h__Accounts" (`nc_order`);
CREATE INDEX `nc_u08h___Table-2_order_idx` ON `nc_u08h__Contacts` (`nc_order`);
CREATE INDEX `nc_u08h___Table-3_order_idx` ON `nc_u08h___Table-3` (`nc_order`);
COMMIT;
